USE exercisedb;
INSERT INTO muscle_groups (name) VALUES ('Biceps');
INSERT INTO exercises (name, difficulty, tips, link) VALUES ('Barbell Curl', 0, 'While holding the upper arms stationary, curl the weights forward while contracting the biceps as you breathe out. Continue the movement until your biceps are fully contracted and the bar is at shoulder level. Hold the contracted position for a second and squeeze the biceps hard. Slowly bring the weight back down to the starting position. ', 'https://www.youtube.com/watch?v=PGW-SgbEfGU');
INSERT INTO muscle_groups_in_exercises (exerciseID, muscleID) VALUES (1, 1);
INSERT INTO equipment (name) VALUES ('Barbell');
INSERT INTO equipment_in_exercises (exerciseID, equipmentID) VALUES (1, 1);
INSERT INTO exercises (name, difficulty, tips, link) VALUES ('Dumbbell Curl', 0, 'Stand up straight with a dumbbell in each hand at arm''s length. Raise one dumbbell and twist your forearm until it is vertical and your palm faces the shoulder. Lower to original position and repeat with opposite arm ', 'https://youtu.be/P1FqV-oFn5M');
INSERT INTO muscle_groups_in_exercises (exerciseID, muscleID) VALUES (2, 1);
INSERT INTO equipment (name) VALUES ('Dumbbells');
INSERT INTO equipment_in_exercises (exerciseID, equipmentID) VALUES (2, 2);
INSERT INTO exercises (name, difficulty, tips, link) VALUES ('Dumbbell Hammer Curl', 0, 'Hold the dumbbells with a neutral grip (thumbs facing the ceiling). Slowly lift the dumbbell up to chest height Return to starting position and repeat. ', 'https://www.youtube.com/watch?v=P1FqV-oFn5M');
INSERT INTO muscle_groups_in_exercises (exerciseID, muscleID) VALUES (3, 1);
INSERT INTO equipment_in_exercises (exerciseID, equipmentID) VALUES (3, 2);
INSERT INTO exercises (name, difficulty, tips, link) VALUES ('Kettlebell Goblet Curl', 0, 'Stand up straight with a kettlebell in both hands in front of your pelvis. Raise the kettlebell bending your arms at the elbow until the kettlebell is level with your chest. Lower to the starting position and repeat. ', 'https://youtu.be/oYmItLMNFg0');
INSERT INTO muscle_groups_in_exercises (exerciseID, muscleID) VALUES (4, 1);
INSERT INTO equipment (name) VALUES ('Kettlebells');
INSERT INTO equipment_in_exercises (exerciseID, equipmentID) VALUES (4, 3);
INSERT INTO exercises (name, difficulty, tips, link) VALUES ('Kettlebell Concentration Curl', 1, 'Sitting on a chair with your legs apart, rest your arm against your thigh and hold the kettlebell with your arm extended towards the floor. Bending your arm at the elbow, lift the kettlebell until your palm faces your shoulder. Lower to the starting position and repeat. ', 'https://youtu.be/xokss8Elgx4');
INSERT INTO muscle_groups_in_exercises (exerciseID, muscleID) VALUES (5, 1);
INSERT INTO equipment_in_exercises (exerciseID, equipmentID) VALUES (5, 3);
INSERT INTO exercises (name, difficulty, tips, link) VALUES ('Kettlebell Preacher Curl', 1, 'Stand behind a bench, with your chest leaning over the edge of the bench. With one arm resting on the bench, hold the kettlebell, bending the arm at the elbow. Lower your arm using the bench as a guide, keeping your forearm straight. Return to the starting position and repeat. ', 'https://youtu.be/3rN2sSOJV40');
INSERT INTO muscle_groups_in_exercises (exerciseID, muscleID) VALUES (6, 1);
INSERT INTO equipment_in_exercises (exerciseID, equipmentID) VALUES (6, 3);
INSERT INTO exercises (name, difficulty, tips, link) VALUES ('Kettlebell Single Arm Curl', 0, 'Stand up straight with a kettlebell in one hand with your forearm facing out. Raise the kettlebell, bending your arm at the elbow and keeping your forearm vertical until your palm faces the shoulder. Lower to the starting position and repeat. ', 'https://youtu.be/jiheWHzzIJ4');
INSERT INTO muscle_groups_in_exercises (exerciseID, muscleID) VALUES (7, 1);
INSERT INTO equipment_in_exercises (exerciseID, equipmentID) VALUES (7, 3);
INSERT INTO exercises (name, difficulty, tips, link) VALUES ('Biceps Stretch Variation Five', 0, 'Stand upright with your feet shoulder width apart. Raise your arms out to your sides, bringing them up to shoulder level. Rotate your palms so they are facing the ceiling. Then, change direction and rotate the arms as much as you can. ', 'https://www.youtube.com/watch?v=7jXK9pNJdJg%7C');
INSERT INTO muscle_groups_in_exercises (exerciseID, muscleID) VALUES (8, 1);
INSERT INTO equipment (name) VALUES ('Stretches');
INSERT INTO equipment_in_exercises (exerciseID, equipmentID) VALUES (8, 4);
INSERT INTO exercises (name, difficulty, tips, link) VALUES ('Biceps Stretch Variation Four', 0, 'Stand an arms width away from the wall. Raise your arms out behind you, and place them on the wall with your fingers pointing up. Bend your knees whilst keeping your hands in the same position. ', 'https://www.youtube.com/watch?v=IRxy-WjmBRs%7C');
INSERT INTO muscle_groups_in_exercises (exerciseID, muscleID) VALUES (9, 1);
INSERT INTO equipment_in_exercises (exerciseID, equipmentID) VALUES (9, 4);
INSERT INTO exercises (name, difficulty, tips, link) VALUES ('Biceps Stretch Variation Three', 0, 'Bend your arm at the elbow, raising your hand to your shoulder. Using your other hand, stretch the arm down to its full extent. ', 'https://www.youtube.com/watch?v=koCz9-ZVjRg%7C');
INSERT INTO muscle_groups_in_exercises (exerciseID, muscleID) VALUES (10, 1);
INSERT INTO equipment_in_exercises (exerciseID, equipmentID) VALUES (10, 4);
INSERT INTO exercises (name, difficulty, tips, link) VALUES ('Biceps Stretch Variation Two', 0, 'Stand facing the wall, an arm''s width away. Place your hand on the wall with your fingers pointing down. Lean slightly into the wall to feel the stretch in your bicep. ', 'https://www.youtube.com/watch?v=_qFHL-DoHG8%7C');
INSERT INTO muscle_groups_in_exercises (exerciseID, muscleID) VALUES (11, 1);
INSERT INTO equipment_in_exercises (exerciseID, equipmentID) VALUES (11, 4);
INSERT INTO exercises (name, difficulty, tips, link) VALUES ('Biceps Stretch Variation One', 0, 'Stand one foot in front of the other with the wall to your right, an arms width away. Place your hand on the wall, fingers pointing away from you. Gently lean forward, keeping your hand stationary. Repeat with the other arm. ', 'https://youtu.be/KPMttUk2xM8');
INSERT INTO muscle_groups_in_exercises (exerciseID, muscleID) VALUES (12, 1);
INSERT INTO equipment_in_exercises (exerciseID, equipmentID) VALUES (12, 4);
INSERT INTO exercises (name, difficulty, tips, link) VALUES ('Cable Twisting Curl', 2, 'Use a handle attachment. The cable should be set all the way to the bottom of the machine. Face away from the cable machine. Stagger your stance so you have a better base of support. Start with a neutral grip. Flex at the elbow. While flexing twist your palm. When you hit the top of the movement your palm should be facing upward. ', 'https://youtu.be/bQcsqQfCDmo');
INSERT INTO muscle_groups_in_exercises (exerciseID, muscleID) VALUES (13, 1);
INSERT INTO equipment (name) VALUES ('Cables');
INSERT INTO equipment_in_exercises (exerciseID, equipmentID) VALUES (13, 5);
INSERT INTO exercises (name, difficulty, tips, link) VALUES ('Cable Bayesian Curl', 0, 'Use a handle attachment. The cable should be set all the way to the bottom of the machine. Face away from the cable machine. Stagger your stance so you have a better base of support. Face your palm forward. Flex at the elbow and extend. ', 'https://youtu.be/wMOxt5_1Muc');
INSERT INTO muscle_groups_in_exercises (exerciseID, muscleID) VALUES (14, 1);
INSERT INTO equipment_in_exercises (exerciseID, equipmentID) VALUES (14, 5);
INSERT INTO exercises (name, difficulty, tips, link) VALUES ('Cable Reverse Curl', 1, 'Use a handle attachment. The cable should be set all the way to the bottom of the machine. Face away from the cable machine. Stagger your stance so you have a better base of support. Face your palm downwards. Flex at the elbow and extend. ', 'https://youtu.be/c8MslUhpAyk');
INSERT INTO muscle_groups_in_exercises (exerciseID, muscleID) VALUES (15, 1);
INSERT INTO equipment_in_exercises (exerciseID, equipmentID) VALUES (15, 5);
INSERT INTO exercises (name, difficulty, tips, link) VALUES ('Cable Hammer Curl', 0, 'Use a handle attachment. The cable should be set all the way to the bottom of the machine. Face away from the cable machine. Stagger your stance so you have a better base of support. Use a neutral grip thumb facing up pinky-facing down). Flex at the elbow and extend. ', 'https://youtu.be/tOxNeSx_P70');
INSERT INTO muscle_groups_in_exercises (exerciseID, muscleID) VALUES (16, 1);
INSERT INTO equipment_in_exercises (exerciseID, equipmentID) VALUES (16, 5);
INSERT INTO exercises (name, difficulty, tips, link) VALUES ('Band Bayesian Curl', 0, 'Attach band to a low anchor point. Point your palms straight forward. Flex your elbow until you feel your biceps contract. Then fully extend elbows. ', 'https://youtu.be/7f1kaMkOdk4');
INSERT INTO muscle_groups_in_exercises (exerciseID, muscleID) VALUES (17, 1);
INSERT INTO equipment (name) VALUES ('Band');
INSERT INTO equipment_in_exercises (exerciseID, equipmentID) VALUES (17, 6);
INSERT INTO exercises (name, difficulty, tips, link) VALUES ('Band Bayesian Hammer Curl', 1, 'Attach band to a low anchor point. Use a neutral grip. Flex your elbow until you feel your biceps contract. Then fully extend elbows. ', 'https://youtu.be/N0FjItpFQVA');
INSERT INTO muscle_groups_in_exercises (exerciseID, muscleID) VALUES (18, 1);
INSERT INTO equipment_in_exercises (exerciseID, equipmentID) VALUES (18, 6);
INSERT INTO exercises (name, difficulty, tips, link) VALUES ('Band Bayesian Reverse Curl', 1, 'Attach band to a low anchor point. . Point your palms toward your thighs. Flex your elbow until you feel your biceps contract. Then fully extend elbows. ', 'https://youtu.be/Vz8hrIwDKVg');
INSERT INTO muscle_groups_in_exercises (exerciseID, muscleID) VALUES (19, 1);
INSERT INTO equipment_in_exercises (exerciseID, equipmentID) VALUES (19, 6);
INSERT INTO exercises (name, difficulty, tips, link) VALUES ('Dumbbell Reverse Curl', 1, 'Grab the dumbbells with a pronated (overhand) grip. You can do this exercise thumbless if it''s more comfortable on your wrists. Flex at the elbows until your biceps touch your forearms. Try not to let your elbows flair outward. ', 'https://youtu.be/mEQLEDenxsI');
INSERT INTO muscle_groups_in_exercises (exerciseID, muscleID) VALUES (20, 1);
INSERT INTO equipment_in_exercises (exerciseID, equipmentID) VALUES (20, 2);
INSERT INTO exercises (name, difficulty, tips, link) VALUES ('Barbell Reverse Curl', 2, 'Take a double overhand grip that''s about shoulder width. Flex your elbows while keeping your elbows tucked in. Try not to let them flare out. Curl until your forearm presses into your bicep. Then fully extend your elbows at the bottom of each rep. ', 'https://youtu.be/Hc0eZZpbJz4');
INSERT INTO muscle_groups_in_exercises (exerciseID, muscleID) VALUES (21, 1);
INSERT INTO equipment_in_exercises (exerciseID, equipmentID) VALUES (21, 1);
INSERT INTO exercises (name, difficulty, tips, link) VALUES ('Dumbbell Incline Hammer Curl', 0, 'Hold the dumbbells with a neutral grip (thumbs facing the ceiling). Seated on an incline bench. Slowly lift the dumbbell up to chest height Return to starting position and repeat. ', '');
INSERT INTO muscle_groups_in_exercises (exerciseID, muscleID) VALUES (22, 1);
INSERT INTO equipment_in_exercises (exerciseID, equipmentID) VALUES (22, 2);
INSERT INTO exercises (name, difficulty, tips, link) VALUES ('Dumbbell Incline Reverse Curl', 0, 'Lay on an incline bench. Grab the dumbbells with a pronated (overhand) grip. You can do this exercise thumbless if it''s more comfortable on your wrists. Flex at the elbows until your biceps touch your forearms. Try not to let your elbows flair outward. ', '');
INSERT INTO muscle_groups_in_exercises (exerciseID, muscleID) VALUES (23, 1);
INSERT INTO equipment_in_exercises (exerciseID, equipmentID) VALUES (23, 2);
INSERT INTO exercises (name, difficulty, tips, link) VALUES ('Dumbbell Incline Zottman Curl', 1, 'Lay on an incline bench with your palms facing forward. Flex at the elbows until your forearms touch your biceps. When you hit the top of the movement, rotate your palms and then lower the dumbbells slowly. ', '');
INSERT INTO muscle_groups_in_exercises (exerciseID, muscleID) VALUES (24, 1);
INSERT INTO equipment_in_exercises (exerciseID, equipmentID) VALUES (24, 2);
INSERT INTO exercises (name, difficulty, tips, link) VALUES ('Dumbbell Single Arm Preacher Curl', 0, 'Start with a with a dumbbell in one hand and your elbow resting on the bench. From this starting position, curl the dumbbell up towards your shoulder, keeping your upper arm stationary on the bench. ', '');
INSERT INTO muscle_groups_in_exercises (exerciseID, muscleID) VALUES (25, 1);
INSERT INTO equipment_in_exercises (exerciseID, equipmentID) VALUES (25, 2);
INSERT INTO exercises (name, difficulty, tips, link) VALUES ('Dumbbell Single Arm Spider Curl', 0, 'Lay on an incline or preacher curl bench. Let your arms hang freely off the edge of the bench. Fully flex your elbow and fully extend your elbow on each rep. ', '');
INSERT INTO muscle_groups_in_exercises (exerciseID, muscleID) VALUES (26, 1);
INSERT INTO equipment_in_exercises (exerciseID, equipmentID) VALUES (26, 2);
INSERT INTO exercises (name, difficulty, tips, link) VALUES ('Dumbbell Spider Curl', 0, 'Start by placing your forearms on a flat bench and holding a dumbbell in each hand. From this starting position, curl the dumbbells up towards your shoulders, keeping your elbows close to your body and your core engaged. Slowly lower the dumbbells back down to the starting position, and repeat for the desired number of repetitions. ', '');
INSERT INTO muscle_groups_in_exercises (exerciseID, muscleID) VALUES (27, 1);
INSERT INTO equipment_in_exercises (exerciseID, equipmentID) VALUES (27, 2);
INSERT INTO exercises (name, difficulty, tips, link) VALUES ('Dumbbell Twisting Curl', 0, 'Start by standing with your feet shoulder-width apart and holding a dumbbell in each hand. Bring the dumbbells to your sides, with your palms facing inward and your elbows bent. From this starting position, curl the dumbbells up towards your shoulders while rotating your wrists so that your palms face your shoulders at the top of the movement. ', '');
INSERT INTO muscle_groups_in_exercises (exerciseID, muscleID) VALUES (28, 1);
INSERT INTO equipment_in_exercises (exerciseID, equipmentID) VALUES (28, 2);
INSERT INTO exercises (name, difficulty, tips, link) VALUES ('Plate Bicep Curl', 0, '', '');
INSERT INTO muscle_groups_in_exercises (exerciseID, muscleID) VALUES (29, 1);
INSERT INTO equipment (name) VALUES ('Plate');
INSERT INTO equipment_in_exercises (exerciseID, equipmentID) VALUES (29, 7);
INSERT INTO exercises (name, difficulty, tips, link) VALUES ('Plate Curl To Overhead Press', 1, 'Stand with feet shoulder-width apart and the plate in front of the torso, palms facing forward. Curl the plate up to the front of the shoulder while keeping the elbows close to the body. Rotate the palms to face forward and press the plate overhead, locking out the arms. Lower the plate back to the starting position, keeping control of it, and repeat for desired reps. ', '');
INSERT INTO muscle_groups_in_exercises (exerciseID, muscleID) VALUES (30, 1);
INSERT INTO equipment_in_exercises (exerciseID, equipmentID) VALUES (30, 7);
INSERT INTO exercises (name, difficulty, tips, link) VALUES ('Plate Curl To Overhead Press To Tricep Extension', 2, 'Stand with feet shoulder-width apart and the plate in front of the torso, palms facing forward. Curl the plate up to the front of the shoulder while keeping the elbows close to the body. Rotate the palms to face forward and press the plate overhead, locking out the arms. Lower the plate back behind the head to the starting position of a tricep extension. Push the plate back up overhead, then lower it back to the starting position and repeat for desired reps. ', '');
INSERT INTO muscle_groups_in_exercises (exerciseID, muscleID) VALUES (31, 1);
INSERT INTO equipment_in_exercises (exerciseID, equipmentID) VALUES (31, 7);
INSERT INTO exercises (name, difficulty, tips, link) VALUES ('Plate Squat Hold Curl', 1, 'Lower into a squat position, keeping the plate at chest height. Slowly curl the plate towards your shoulders, keeping your elbows close to your body. Hold for a moment at the top of the curl before lowering the plate back to chest height. Repeat the curls as you hold the squat position. ', '');
INSERT INTO muscle_groups_in_exercises (exerciseID, muscleID) VALUES (32, 1);
INSERT INTO equipment_in_exercises (exerciseID, equipmentID) VALUES (32, 7);
INSERT INTO exercises (name, difficulty, tips, link) VALUES ('Band High Curl', 0, 'Anchor a band to a high point. Start with your feet staggered and your elbows high. Flex your elbows while keeping your arms high. Curl the band to your forehead. ', '');
INSERT INTO muscle_groups_in_exercises (exerciseID, muscleID) VALUES (33, 1);
INSERT INTO equipment_in_exercises (exerciseID, equipmentID) VALUES (33, 6);
INSERT INTO exercises (name, difficulty, tips, link) VALUES ('Band High Hammer Curl', 0, 'Start with the band anchored to something high with your feet staggered and a neutral grip. Keep your elbows high. Curl until your fists are at your forehead. ', '');
INSERT INTO muscle_groups_in_exercises (exerciseID, muscleID) VALUES (34, 1);
INSERT INTO equipment_in_exercises (exerciseID, equipmentID) VALUES (34, 6);
INSERT INTO exercises (name, difficulty, tips, link) VALUES ('Band High Reverse Curl', 1, 'Start with a band attached to a high point, your feet staggered, and an overhand grip. Flex your elbows pulling your forearms to your biceps. Your fists should land by your forehead. ', '');
INSERT INTO muscle_groups_in_exercises (exerciseID, muscleID) VALUES (35, 1);
INSERT INTO equipment_in_exercises (exerciseID, equipmentID) VALUES (35, 6);
INSERT INTO exercises (name, difficulty, tips, link) VALUES ('Band Curl', 0, 'Stand with your feet shoulder-width apart, with the band under both feet. Grasp the handles of the band with both hands, keeping your arms straight and extended in front of you. Keep your back straight, abs engaged, and shoulders relaxed as you curl your hands towards your shoulders, bending at the elbows. ', '');
INSERT INTO muscle_groups_in_exercises (exerciseID, muscleID) VALUES (36, 1);
INSERT INTO equipment_in_exercises (exerciseID, equipmentID) VALUES (36, 6);
INSERT INTO exercises (name, difficulty, tips, link) VALUES ('Band Reverse Curl', 1, 'Start by standing on the center of the band with both feet, shoulder-width apart. Hold the band with both hands, palms facing down, arms extended straight in front of you. Slowly curl your hands towards your shoulders, pulling the band tight, then lower your arms back to the starting position, keeping tension on the band throughout the exercise. ', '');
INSERT INTO muscle_groups_in_exercises (exerciseID, muscleID) VALUES (37, 1);
INSERT INTO equipment_in_exercises (exerciseID, equipmentID) VALUES (37, 6);
INSERT INTO exercises (name, difficulty, tips, link) VALUES ('Dumbbell Concentration Curl', 0, 'Sit on a flat bench with your feet flat on the floor and your back straight. Lean forward and place your elbow on the inside of your leg. Curl the dumbbell while keeping your elbow against your leg. Make sure to fully extend your elbow on each rep. ', '');
INSERT INTO muscle_groups_in_exercises (exerciseID, muscleID) VALUES (38, 1);
INSERT INTO equipment_in_exercises (exerciseID, equipmentID) VALUES (38, 2);
INSERT INTO exercises (name, difficulty, tips, link) VALUES ('TRX Curl', 0, 'Hold the TRX straps with an underhand grip and lean back and away from the anchor point. Keep your elbows high as you flex your elbows. Pull your fists toward your forehead. ', '');
INSERT INTO muscle_groups_in_exercises (exerciseID, muscleID) VALUES (39, 1);
INSERT INTO equipment (name) VALUES ('TRX');
INSERT INTO equipment_in_exercises (exerciseID, equipmentID) VALUES (39, 8);
INSERT INTO exercises (name, difficulty, tips, link) VALUES ('TRX Hammer Curl', 0, 'Grab the TRX straps and lean away from the anchor point. Maintain a neutral grip. Flex your elbows and pull your fists to either sides of your temples. ', '');
INSERT INTO muscle_groups_in_exercises (exerciseID, muscleID) VALUES (40, 1);
INSERT INTO equipment_in_exercises (exerciseID, equipmentID) VALUES (40, 8);
INSERT INTO exercises (name, difficulty, tips, link) VALUES ('TRX Reverse Curl', 1, 'Stand facing the TRX straps and grasp the handles with both hands, palms facing away from your body. Walk back until the straps are taut, keeping your arms straight. Slowly curl your hands towards your shoulders, keeping your elbows close to your body. ', '');
INSERT INTO muscle_groups_in_exercises (exerciseID, muscleID) VALUES (41, 1);
INSERT INTO equipment_in_exercises (exerciseID, equipmentID) VALUES (41, 8);
INSERT INTO exercises (name, difficulty, tips, link) VALUES ('Barbell Landmine Row', 1, 'Position a barbell in a landmine or corner of a room and stand facing it with your feet shoulder-width apart. Grasp the end of the barbell with a neutral grip, keeping your arms straight and your shoulders relaxed. Bend at the hips and knees to lower your torso until it is almost parallel to the ground. Pull the barbell towards your chest, squeezing your shoulder blades together as you row the weight up. ', '');
INSERT INTO muscle_groups_in_exercises (exerciseID, muscleID) VALUES (42, 1);
INSERT INTO equipment_in_exercises (exerciseID, equipmentID) VALUES (42, 1);
INSERT INTO exercises (name, difficulty, tips, link) VALUES ('Chin Ups', 1, 'Grab the bar shoulder width apart with a supinated grip (palms facing you) With your body hanging and arms fully extended, pull yourself up until your chin is past the bar. Slowly return to starting position. Repeat. ', 'https://youtu.be/y6x0AIhgjsM');
INSERT INTO muscle_groups_in_exercises (exerciseID, muscleID) VALUES (43, 1);
INSERT INTO equipment (name) VALUES ('Bodyweight');
INSERT INTO equipment_in_exercises (exerciseID, equipmentID) VALUES (43, 9);
INSERT INTO exercises (name, difficulty, tips, link) VALUES ('Band Kneeling Single Arm Pulldown', 0, 'Place the band at about eye level. Fall into a kneeling position. The knee that is on the ground should be the same side as the working arm. Stick your chest out. And then pull your elbow straight back. Flex your lats and then extend into the starting position. ', 'https://youtu.be/2bA1aTxHm5U');
INSERT INTO muscle_groups_in_exercises (exerciseID, muscleID) VALUES (44, 1);
INSERT INTO equipment_in_exercises (exerciseID, equipmentID) VALUES (44, 6);
INSERT INTO exercises (name, difficulty, tips, link) VALUES ('Barbell Long Landmine Row', 2, 'Position a barbell in a landmine or corner of a room and stand facing it with your feet shoulder-width apart. Grasp the end of the barbell with an overhand grip, keeping your arms straight and your shoulders relaxed. Bend at the hips and knees to lower your torso until it is almost parallel to the ground. Pull the barbell towards your chest, squeezing your shoulder blades together as you row the weight up. ', '');
INSERT INTO muscle_groups_in_exercises (exerciseID, muscleID) VALUES (45, 1);
INSERT INTO equipment_in_exercises (exerciseID, equipmentID) VALUES (45, 1);
INSERT INTO exercises (name, difficulty, tips, link) VALUES ('Barbell Meadows Row', 1, 'Position a barbell in a landmine or corner of a room and stand facing sideways with a staggered stance and your feet shoulder-width apart. Grasp the end of the barbell with an overhand grip, keeping your arms straight and your shoulders relaxed. Bend at the hips and knees to lower your torso until it is almost parallel to the ground. Pull the barbell towards your chest, squeezing your shoulder blades together as you row the weight up. *Named after the late John Meadows ', '');
INSERT INTO muscle_groups_in_exercises (exerciseID, muscleID) VALUES (46, 1);
INSERT INTO equipment_in_exercises (exerciseID, equipmentID) VALUES (46, 1);
INSERT INTO exercises (name, difficulty, tips, link) VALUES ('Barbell Pronated Pendlay Row', 2, 'Start hinged forward with a flat back and the plates resting on the floor. Make sure your elbows are fully extended. Pull the bar to your sternum. Return the plates back to the floor and let the bar come to a full dead stop. Then initiate the next rep. ', '');
INSERT INTO muscle_groups_in_exercises (exerciseID, muscleID) VALUES (47, 1);
INSERT INTO equipment_in_exercises (exerciseID, equipmentID) VALUES (47, 1);
INSERT INTO exercises (name, difficulty, tips, link) VALUES ('Barbell Pronated Row', 0, 'Grab the barbell with an overhand grip. Hinge forward while keeping your back flat until your torso is about parallel with the ground. Let your arms hang freely. Pull the bar to your torso while tucking your elbows in slightly. Extend your elbows fully before initiating the next rep. ', '');
INSERT INTO muscle_groups_in_exercises (exerciseID, muscleID) VALUES (48, 1);
INSERT INTO equipment_in_exercises (exerciseID, equipmentID) VALUES (48, 1);
INSERT INTO exercises (name, difficulty, tips, link) VALUES ('Barbell Supinated Pendlay Row', 2, 'Begin by standing in front of a barbell with your feet about hip-width apart and your palms facing towards your body. Bend at the hips and knees to grab the barbell with a pronated (overhand) grip, positioning the barbell about an inch away from your shins. Keeping your back straight and your core engaged, use your back muscles to lift the barbell straight up towards your chest. As the barbell reaches your chest, rotate your wrists so that your palms are facing towards your body (supinated grip), and then lower the barbell back to the starting position. ', '');
INSERT INTO muscle_groups_in_exercises (exerciseID, muscleID) VALUES (49, 1);
INSERT INTO equipment_in_exercises (exerciseID, equipmentID) VALUES (49, 1);
INSERT INTO exercises (name, difficulty, tips, link) VALUES ('Barbell Supinated Row', 2, 'Begin by standing in front of a barbell with your feet about hip-width apart. Bend at the hips and knees to grab the barbell with a supinated (underhand) grip, positioning the barbell about an inch away from your shins. Keeping your back straight and your core engaged, use your back muscles to lift the barbell straight up towards your chest. As the barbell reaches your chest, pause briefly, and then lower the barbell back to the starting position. ', '');
INSERT INTO muscle_groups_in_exercises (exerciseID, muscleID) VALUES (50, 1);
INSERT INTO equipment_in_exercises (exerciseID, equipmentID) VALUES (50, 1);
INSERT INTO exercises (name, difficulty, tips, link) VALUES ('Dumbbell Alternating Pendlay Row', 2, 'The dumbbells should be set on the ground. Hinge forward while keeping a flat back. Pull one elbow back toward the ceiling and then return the dumbbell to the ground softly. Then pull with the other arm. ', '');
INSERT INTO muscle_groups_in_exercises (exerciseID, muscleID) VALUES (51, 1);
INSERT INTO equipment_in_exercises (exerciseID, equipmentID) VALUES (51, 2);
INSERT INTO exercises (name, difficulty, tips, link) VALUES ('Dumbbell Kneeling Single Arm Row', 0, 'Place one hand and one knee on a bench. Make sure you keep a flat back. Pull the dumbbell toward the ceiling. Make sure to avoid any jerking or rotating. ', '');
INSERT INTO muscle_groups_in_exercises (exerciseID, muscleID) VALUES (52, 1);
INSERT INTO equipment_in_exercises (exerciseID, equipmentID) VALUES (52, 2);
INSERT INTO exercises (name, difficulty, tips, link) VALUES ('Dumbbell Laying Incline Row', 0, 'Lay on an incline bench that is between 30-45 degrees high. Let your arms hang freely. Pull your elbows straight back toward the ceiling. ', '');
INSERT INTO muscle_groups_in_exercises (exerciseID, muscleID) VALUES (53, 1);
INSERT INTO equipment_in_exercises (exerciseID, equipmentID) VALUES (53, 2);
INSERT INTO exercises (name, difficulty, tips, link) VALUES ('Dumbbell Pendlay Row', 1, 'The dumbbells should be placed on the floor. Hinge forward with a flat back and grab the dumbbells. Pull both dumbbells back and your elbows toward the ceiling. Return the dumbbells back to the floor softly on each rep. ', '');
INSERT INTO muscle_groups_in_exercises (exerciseID, muscleID) VALUES (54, 1);
INSERT INTO equipment_in_exercises (exerciseID, equipmentID) VALUES (54, 2);
INSERT INTO exercises (name, difficulty, tips, link) VALUES ('Dumbbell Single Arm Row', 0, 'Make sure to keep your elbow close to your body and your core engaged throughout the movement. Start by standing in front of a flat bench with your feet shoulder-width apart and holding a dumbbell in one hand. Place your other hand on the bench for support, and bend at the waist so that your chest is parallel to the ground. From this starting position, row the dumbbell up towards your chest, squeezing your shoulder blade together as you do so. ', '');
INSERT INTO muscle_groups_in_exercises (exerciseID, muscleID) VALUES (55, 1);
INSERT INTO equipment_in_exercises (exerciseID, equipmentID) VALUES (55, 2);
INSERT INTO exercises (name, difficulty, tips, link) VALUES ('Dumbbell Single Arm Row Knee', 0, 'Start by placing your elbow on one knee. Hold a dumbbell in your other hand, with your palm facing inwards towards your body. From this starting position, row the dumbbell up towards your chest, keeping your elbow close to your body and your core engaged. ', '');
INSERT INTO muscle_groups_in_exercises (exerciseID, muscleID) VALUES (56, 1);
INSERT INTO equipment_in_exercises (exerciseID, equipmentID) VALUES (56, 2);
INSERT INTO exercises (name, difficulty, tips, link) VALUES ('Plate Pinch Grip Row', 1, 'Make sure to keep your elbow close to your body and your core engaged throughout the movement. Bend forward at your hips while maintaining a flat back. Pull the plate toward your upper abdomen. Lower the weight in a controlled manner and repeat. ', '');
INSERT INTO muscle_groups_in_exercises (exerciseID, muscleID) VALUES (57, 1);
INSERT INTO equipment_in_exercises (exerciseID, equipmentID) VALUES (57, 7);
INSERT INTO exercises (name, difficulty, tips, link) VALUES ('Lawnmower Row', 1, 'Stand with feet staggered and one hand on a bench/box. Hold a dumbbell in the opposing hand. Hinge forward at the hips, keeping the back flat, and eyes facing forward. The weight should hang directly below the shoulders. Start with an overhand grip, as you pull rotate the dumbbell. When your upper arm reaches your side your palm should be facing forward. ', '');
INSERT INTO muscle_groups_in_exercises (exerciseID, muscleID) VALUES (58, 1);
INSERT INTO equipment_in_exercises (exerciseID, equipmentID) VALUES (58, 2);
INSERT INTO exercises (name, difficulty, tips, link) VALUES ('Dumbbell Knee Lawnmower Row', 1, 'Stand with feet staggered and one hand on your knee. Hold a dumbbell in the opposing hand. Hinge forward at the hips, keeping the back flat, and eyes facing forward. The weight should hang directly below the shoulders. Start with an overhand grip, as you pull rotate the dumbbell. When your upper arm reaches your side your palm should be facing forward. ', '');
INSERT INTO muscle_groups_in_exercises (exerciseID, muscleID) VALUES (59, 1);
INSERT INTO equipment_in_exercises (exerciseID, equipmentID) VALUES (59, 2);
INSERT INTO exercises (name, difficulty, tips, link) VALUES ('Dumbbell Supinated Row', 0, 'Grab both dumbbells and hinge forward at the hips. Make sure you keep a flat back. The closer your torso is to parallel with the ground the longer the range of motion will be at your shoulder. The better the results you''ll get from the exercise. Let your arms hang freely, maintain an underhand grip, and then pull your elbow joint straight back toward the ceiling. ', '');
INSERT INTO muscle_groups_in_exercises (exerciseID, muscleID) VALUES (60, 1);
INSERT INTO equipment_in_exercises (exerciseID, equipmentID) VALUES (60, 2);
INSERT INTO exercises (name, difficulty, tips, link) VALUES ('TRX Rotating Row', 0, 'Grab the TRX straps and lean away from the anchor point until the strap is taut. Start with an overhand grip. Pull your elbows back and rotate your grip. By the time your elbows reach your side, your palms should be facing upwards. ', '');
INSERT INTO muscle_groups_in_exercises (exerciseID, muscleID) VALUES (61, 1);
INSERT INTO equipment_in_exercises (exerciseID, equipmentID) VALUES (61, 8);
INSERT INTO muscle_groups (name) VALUES ('Chest');
INSERT INTO exercises (name, difficulty, tips, link) VALUES ('Barbell Bench Press', 1, 'Lay flat on the bench with your feet on the ground. With straight arms unrack the bar. Lower the bar to your mid chest Raise the bar until you''ve locked your elbows. ', 'https://youtu.be/YwK4sbSrtso');
INSERT INTO muscle_groups_in_exercises (exerciseID, muscleID) VALUES (62, 2);
INSERT INTO equipment_in_exercises (exerciseID, equipmentID) VALUES (62, 1);
INSERT INTO exercises (name, difficulty, tips, link) VALUES ('Dips', 1, 'Hold your body with arms locked above the equipment Lower your body slowly while leaning forward, flare out your elbows Raise your body above the bars until your arms are locked. ', 'https://youtu.be/G4BqAiQ9mHs');
INSERT INTO muscle_groups_in_exercises (exerciseID, muscleID) VALUES (63, 2);
INSERT INTO equipment_in_exercises (exerciseID, equipmentID) VALUES (63, 9);
INSERT INTO exercises (name, difficulty, tips, link) VALUES ('Dumbbell Incline Bench Press', 0, 'Raise the bench to a 30 - 45 degree angle Lay on the bench and set your feet on the ground. Raise the dumbbells with straight arms then slowly lower them to about shoulder width. Raise them again until your arms are locked and at the starting position again. ', 'https://youtu.be/bH_T3ibPPzg');
INSERT INTO muscle_groups_in_exercises (exerciseID, muscleID) VALUES (64, 2);
INSERT INTO equipment_in_exercises (exerciseID, equipmentID) VALUES (64, 2);
INSERT INTO exercises (name, difficulty, tips, link) VALUES ('Dumbbell Incline Chest Flys', 0, 'Lay flat on the bench and place your feet on the ground. Begin the exercise with the dumbbells held together above your chest, elbows slightly bent. Simultaneously lower the weights to either side. Pause when the weights are parallel to the bench, then raise your arms to the starting position. ', 'https://www.youtube.com/watch?v=-m4Mozc-z1k');
INSERT INTO muscle_groups_in_exercises (exerciseID, muscleID) VALUES (65, 2);
INSERT INTO equipment_in_exercises (exerciseID, equipmentID) VALUES (65, 2);
INSERT INTO exercises (name, difficulty, tips, link) VALUES ('Dumbbell Bench Press', 0, 'Lay flat on the bench with your feet on the ground. Raise the dumbbells until you have straight arms. Lower the dumbbells to your mid chest Raise the dumbbells until you''ve locked your elbows. ', 'https://youtu.be/VQo4v9zZBlo');
INSERT INTO muscle_groups_in_exercises (exerciseID, muscleID) VALUES (66, 2);
INSERT INTO equipment_in_exercises (exerciseID, equipmentID) VALUES (66, 2);
INSERT INTO exercises (name, difficulty, tips, link) VALUES ('Barbell Incline Bench Press', 1, 'Position the bench between 30 and 45 degrees. Lay flat on the bench with your feet on the ground. With straight arms unrack the bar. Lower the bar to your mid chest Raise the bar (slowly and controlled) until you''ve locked your elbows. ', 'https://www.youtube.com/watch?v=YuL-RaRD4MU%7C');
INSERT INTO muscle_groups_in_exercises (exerciseID, muscleID) VALUES (67, 2);
INSERT INTO equipment_in_exercises (exerciseID, equipmentID) VALUES (67, 1);
INSERT INTO exercises (name, difficulty, tips, link) VALUES ('Kettlebell Chest Press', 0, 'Laying on the floor with your knees bent and feet firmly on the floor, hold the kettlebell at your chest with both hands. Fully extend your arms, raising the kettlebell until your elbows are locked. Lower the kettlebell to the starting position and repeat. ', 'https://youtu.be/15CIJwGNVjU');
INSERT INTO muscle_groups_in_exercises (exerciseID, muscleID) VALUES (68, 2);
INSERT INTO equipment_in_exercises (exerciseID, equipmentID) VALUES (68, 3);
INSERT INTO exercises (name, difficulty, tips, link) VALUES ('Kettlebell Single Arm Chest Fly', 0, 'Lie on the floor with your knees bent and feet firmly on the floor, with your arms to the side of your body. Holding a kettlebell in one hand, keeping your arm fully extended with a slight bend in the elbow and your forearms facing upwards, lift the kettlebell above your chest. Lower the kettlebell to the starting position and repeat. ', 'https://youtu.be/bmEIpJjogLg');
INSERT INTO muscle_groups_in_exercises (exerciseID, muscleID) VALUES (69, 2);
INSERT INTO equipment_in_exercises (exerciseID, equipmentID) VALUES (69, 3);
INSERT INTO exercises (name, difficulty, tips, link) VALUES ('Kettlebell Single Arm Press', 0, 'Laying on the floor with your knees bent and feet firmly on the floor, leave one arm resting to the side of the body. Using the other arm, hold the kettlebell at arms length directly upwards of your shoulder. Lower your arm until your upper arm to elbow is resting on the floor. Return to starting position. ', 'https://youtu.be/OaqpmVrrz8E');
INSERT INTO muscle_groups_in_exercises (exerciseID, muscleID) VALUES (70, 2);
INSERT INTO equipment_in_exercises (exerciseID, equipmentID) VALUES (70, 3);
INSERT INTO exercises (name, difficulty, tips, link) VALUES ('Kettlebell Walkover Pushup', 1, 'Starting in a press up position with feet wide and one hand resting on the kettlebell, complete a full press up, lowering your chest towards the ground while keeping your body straight and returning to the starting position. Swap hands on the kettlebell, placing the hand originally on the kettlebell underneath your shoulder, complete another press up. Repeat. ', 'https://youtu.be/foV98ufteFM');
INSERT INTO muscle_groups_in_exercises (exerciseID, muscleID) VALUES (71, 2);
INSERT INTO equipment_in_exercises (exerciseID, equipmentID) VALUES (71, 3);
INSERT INTO exercises (name, difficulty, tips, link) VALUES ('Chest Stretch Variation Four', 0, 'Raise your arms to shoulder height, fully extended in front of you. Slowly bring your arms behind your back still at shoulder height. Pause for a few seconds and then return to starting position. ', 'https://youtu.be/BnhIRqwh_w8');
INSERT INTO muscle_groups_in_exercises (exerciseID, muscleID) VALUES (72, 2);
INSERT INTO equipment_in_exercises (exerciseID, equipmentID) VALUES (72, 4);
INSERT INTO exercises (name, difficulty, tips, link) VALUES ('Chest Stretch Variation Three', 0, 'Place your arms behind your back and clasp your hands together. Slowly extend your elbows until they are locked then lift them away from you. Pause in this position for a few seconds and then return them to starting position. ', 'https://youtu.be/-8o988Co9t0');
INSERT INTO muscle_groups_in_exercises (exerciseID, muscleID) VALUES (73, 2);
INSERT INTO equipment_in_exercises (exerciseID, equipmentID) VALUES (73, 4);
INSERT INTO exercises (name, difficulty, tips, link) VALUES ('Chest Stretch Variation Two', 0, 'Lay on your side with one hand just in front of you. With a slight bend in your arm, rotate your arm around your body as slowly as possible. Return to the starting position and then repeat on the other side. ', 'https://youtu.be/PqLQe9NCYo0');
INSERT INTO muscle_groups_in_exercises (exerciseID, muscleID) VALUES (74, 2);
INSERT INTO equipment_in_exercises (exerciseID, equipmentID) VALUES (74, 4);
INSERT INTO exercises (name, difficulty, tips, link) VALUES ('Chest Stretch Variation One', 0, 'Using a raised wall, place your arm at a 90 degree angle against it. With a staggered stance, lean into the wall extending your chest. Pause for a few seconds and then return to starting position and repeat on opposite side. ', 'https://youtu.be/0eeCfNjTt4M');
INSERT INTO muscle_groups_in_exercises (exerciseID, muscleID) VALUES (75, 2);
INSERT INTO equipment_in_exercises (exerciseID, equipmentID) VALUES (75, 4);
INSERT INTO exercises (name, difficulty, tips, link) VALUES ('Push Up', 0, 'Place your hands firmly on the ground, directly under shoulders. Flatten your back so your entire body is straight and slowly lower your body Draw shoulder blades back and down, keeping elbows tucked close to your body Exhale as you push back to the starting position. ', 'https://youtu.be/5SEZPKLXJUk');
INSERT INTO muscle_groups_in_exercises (exerciseID, muscleID) VALUES (76, 2);
INSERT INTO equipment_in_exercises (exerciseID, equipmentID) VALUES (76, 9);
INSERT INTO exercises (name, difficulty, tips, link) VALUES ('Incline Push Up', 0, 'Stand facing bench or sturdy elevated platform. Place hands on edge of bench or platform, slightly wider than shoulder width. Slowly lower your body until your chest almost touches the bench. Push body up until arms are extended. ', 'https://youtu.be/NGI2BZGnUuA');
INSERT INTO muscle_groups_in_exercises (exerciseID, muscleID) VALUES (77, 2);
INSERT INTO equipment_in_exercises (exerciseID, equipmentID) VALUES (77, 9);
INSERT INTO exercises (name, difficulty, tips, link) VALUES ('Decline Push Up', 0, 'Use a bench to elevate your feet. Put your hands slightly wider than shoulder-width. Slowly lower your body until your chest almost touches the ground Raise your body until you almost lock your elbows. ', 'https://youtu.be/Jn7Wi_LXwQA');
INSERT INTO muscle_groups_in_exercises (exerciseID, muscleID) VALUES (78, 2);
INSERT INTO equipment_in_exercises (exerciseID, equipmentID) VALUES (78, 9);
INSERT INTO exercises (name, difficulty, tips, link) VALUES ('Cable Pec Fly', 0, 'Use a handle attachment set all the way to the bottom of the machine. Bring both of the handles to your chest and make sure you are in the center of the cable crossover. Walk a few steps forward. Then press the weight forward. From there, your shoulders should horizontally abduct and adduct while your elbows stay in a fixed position. ', 'https://youtu.be/bOrlph-nOus');
INSERT INTO muscle_groups_in_exercises (exerciseID, muscleID) VALUES (79, 2);
INSERT INTO equipment_in_exercises (exerciseID, equipmentID) VALUES (79, 5);
INSERT INTO exercises (name, difficulty, tips, link) VALUES ('Cable Chest Press', 0, 'Use a handle attachment. The cables should be set to shoulder height. Bring both of the handles to your chest and make sure you are in the center of the cable crossover. Walk a few steps forward. Then press the weight forward. From there, you should flex and extend at both the shoulders and elbows simultaneously. ', 'https://youtu.be/FHKPhte16og');
INSERT INTO muscle_groups_in_exercises (exerciseID, muscleID) VALUES (80, 2);
INSERT INTO equipment_in_exercises (exerciseID, equipmentID) VALUES (80, 5);
INSERT INTO exercises (name, difficulty, tips, link) VALUES ('Band Single Arm Pec Fly', 0, 'Attach the band to an anchor point that is about shoulder height. Take a few steps away until the band is taut. Extend your shoulder joint and bring your arm across your body until you feel a contraction in your pecs. ', 'https://youtu.be/6jlYWHPw6_0');
INSERT INTO muscle_groups_in_exercises (exerciseID, muscleID) VALUES (81, 2);
INSERT INTO equipment_in_exercises (exerciseID, equipmentID) VALUES (81, 6);
INSERT INTO exercises (name, difficulty, tips, link) VALUES ('Band Single Arm Chest Press', 0, 'Attach the band to an anchor point that is about shoulder height. Take a few steps away until the band is taut. Extend your shoulder joint and elbow across your body until your arm is fully extended. ', 'https://youtu.be/TRbS_324avU');
INSERT INTO muscle_groups_in_exercises (exerciseID, muscleID) VALUES (82, 2);
INSERT INTO equipment_in_exercises (exerciseID, equipmentID) VALUES (82, 6);
INSERT INTO exercises (name, difficulty, tips, link) VALUES ('Band Pushup', 0, 'Loop the band around your mid-back. The ends of the bands should be around your hands between your thumb and pointer finger. This exercise can be done from the knees or the toes depending on experience level. Begin by breaking at the elbows until your upper arm is by your side. Then extend at the elbows back into the top position. ', 'https://youtu.be/Gphesuo-uFE');
INSERT INTO muscle_groups_in_exercises (exerciseID, muscleID) VALUES (83, 2);
INSERT INTO equipment_in_exercises (exerciseID, equipmentID) VALUES (83, 6);
INSERT INTO exercises (name, difficulty, tips, link) VALUES ('Barbell Floor Press', 2, 'Un-rack the bar and break at the elbows and shoulders. Bring your elbows to the floor, rest for a second to remove all the momentum from the rep, then press to a lockout. ', 'https://youtu.be/YRbGlyTFOA0');
INSERT INTO muscle_groups_in_exercises (exerciseID, muscleID) VALUES (84, 2);
INSERT INTO equipment_in_exercises (exerciseID, equipmentID) VALUES (84, 1);
INSERT INTO exercises (name, difficulty, tips, link) VALUES ('Barbell Hooklying Bench Press', 1, 'Start in a bench press position with your feet planted on the bench and knees bent. Grasp the barbell with an overhand grip, positioning your hands slightly wider than shoulder-width apart. Lift the barbell off the rack and lower it to your chest, keeping your elbows close to your sides. Push the barbell back up to the starting position, fully extending your arms. ', '');
INSERT INTO muscle_groups_in_exercises (exerciseID, muscleID) VALUES (85, 2);
INSERT INTO equipment_in_exercises (exerciseID, equipmentID) VALUES (85, 1);
INSERT INTO exercises (name, difficulty, tips, link) VALUES ('Barbell Larsen Bench Press', 2, 'Start in a bench press position with your legs elevated. Try to keep your knees with a slight bend in them. Unrack the bar then initiate the rep. Bring the bar to your torso and tap your ribcage before pressing back to the ceiling. ', '');
INSERT INTO muscle_groups_in_exercises (exerciseID, muscleID) VALUES (86, 2);
INSERT INTO equipment_in_exercises (exerciseID, equipmentID) VALUES (86, 1);
INSERT INTO exercises (name, difficulty, tips, link) VALUES ('Barbell Spoto Press', 1, 'Start on the bench with your shoulder blades pulled back. As you initiate the first rep, tuck your elbows slightly until the bar is a few inches off your chest. Pause just off your chest for 1-3 seconds. Then press explosively. ', '');
INSERT INTO muscle_groups_in_exercises (exerciseID, muscleID) VALUES (87, 2);
INSERT INTO equipment_in_exercises (exerciseID, equipmentID) VALUES (87, 1);
INSERT INTO muscle_groups_in_exercises (exerciseID, muscleID) VALUES (66, 2);
INSERT INTO exercises (name, difficulty, tips, link) VALUES ('Dumbbell Chest Fly', 0, 'Lay on a bench with two dumbbells extended in front of you. You should have a slight bend in your elbows and maintain that bend. Your shoulder joint should do all the movement. Bring the dumbbells out to your side. Stop the dumbbells before going behind your body. Bring the dumbbells back together at the top. ', 'https://www.youtube.com/watch?v=-m4Mozc-z1k');
INSERT INTO muscle_groups_in_exercises (exerciseID, muscleID) VALUES (88, 2);
INSERT INTO equipment_in_exercises (exerciseID, equipmentID) VALUES (88, 2);
INSERT INTO exercises (name, difficulty, tips, link) VALUES ('Dumbbell Decline Alternating Single Arm Press', 1, 'Lay on a decline bench with both arms extended in front of you. Break at one of your arms first bringing that arm to your side while keeping the other arm extended. Press the dumbbell back to the ceiling. Fully extend that arm before initiating on the other side. ', '');
INSERT INTO muscle_groups_in_exercises (exerciseID, muscleID) VALUES (89, 2);
INSERT INTO equipment_in_exercises (exerciseID, equipmentID) VALUES (89, 2);
INSERT INTO exercises (name, difficulty, tips, link) VALUES ('Dumbbell Decline Bench Press', 0, 'Lay on a decline bench with both arms extended in front of you. Break at the elbows and bring your upper arms to your side. Once your upper arms have reached your side, press the dumbbells back to the ceiling. ', '');
INSERT INTO muscle_groups_in_exercises (exerciseID, muscleID) VALUES (90, 2);
INSERT INTO equipment_in_exercises (exerciseID, equipmentID) VALUES (90, 2);
INSERT INTO exercises (name, difficulty, tips, link) VALUES ('Dumbbell Decline Chest Fly', 0, 'Lay flat on a decline bench press with the dumbbells pointed toward the ceiling. Maintain a slight bend in your elbows. Bring the dumbbells out to the side, stopping the dumbbells before they pass your torso. Bring the dumbbells together to finish the rep. ', 'https://www.youtube.com/watch?v=-m4Mozc-z1k');
INSERT INTO muscle_groups_in_exercises (exerciseID, muscleID) VALUES (91, 2);
INSERT INTO equipment_in_exercises (exerciseID, equipmentID) VALUES (91, 2);
INSERT INTO exercises (name, difficulty, tips, link) VALUES ('Dumbbell Decline Guillotine Bench Press', 2, 'Lie on the decline bench, grasp a pair of dumbbells and hold them at shoulder level with your palms facing forward. Slowly lower the dumbbells to your chest, keeping your elbows flared out. As you lower the dumbbells, exhale deeply. Once your elbows reach your chest, pause for a moment and then press them back up to the starting position ', '');
INSERT INTO muscle_groups_in_exercises (exerciseID, muscleID) VALUES (92, 2);
INSERT INTO equipment_in_exercises (exerciseID, equipmentID) VALUES (92, 2);
INSERT INTO exercises (name, difficulty, tips, link) VALUES ('Dumbbell Decline Neutral Bench Press', 0, 'Lie on the decline bench, grasp a pair of dumbbells and hold them at shoulder level with your palms facing each other. Keep your elbows bent and close to your body. Slowly lower the dumbbells to your chest, keeping your elbows bent and close to your body. Once the dumbbells reach your chest, pause for a moment and then press them back up to the starting position. This variation is much easier on the shoulder joints. ', '');
INSERT INTO muscle_groups_in_exercises (exerciseID, muscleID) VALUES (93, 2);
INSERT INTO equipment_in_exercises (exerciseID, equipmentID) VALUES (93, 2);
INSERT INTO exercises (name, difficulty, tips, link) VALUES ('Dumbbell Decline Single Arm Bench Press', 1, 'Start by laying on a decline bench with two dumbbells. Position the dumbbell above your chest with your elbow bent and shoulder level. Slowly lower the dumbbell towards your chest, keeping your elbow close to your body and your core engaged while the other dumbbell remains pointed toward the ceiling. Once the dumbbell reaches your side, pause for a moment and then press the weight back up to the starting position. Repeat for the desired number of repetitions before switching to your other arm. ', '');
INSERT INTO muscle_groups_in_exercises (exerciseID, muscleID) VALUES (94, 2);
INSERT INTO equipment_in_exercises (exerciseID, equipmentID) VALUES (94, 2);
INSERT INTO exercises (name, difficulty, tips, link) VALUES ('Dumbbell Decline Squeeze Press', 1, 'Lay flat on a decline bench with two dumbbells pressed to one another. Break at the elbows and keep your elbows tucked as you bring the dumbbells to your chest. Continue to press the dumbbells into one another throughout the rep. Once the dumbbells reach your chest, press back toward the ceiling. ', '');
INSERT INTO muscle_groups_in_exercises (exerciseID, muscleID) VALUES (95, 2);
INSERT INTO equipment_in_exercises (exerciseID, equipmentID) VALUES (95, 2);
INSERT INTO exercises (name, difficulty, tips, link) VALUES ('Dumbbell Guillotine Bench Press', 2, 'Lie on the flat bench, grasp a pair of dumbbells and hold them at shoulder level with your palms facing forward. Slowly lower the dumbbells to your chest, keeping your elbows flared out. As you lower the dumbbells, exhale deeply. Once your elbows reach your chest, pause for a moment and then press them back up to the starting position ', '');
INSERT INTO muscle_groups_in_exercises (exerciseID, muscleID) VALUES (96, 2);
INSERT INTO equipment_in_exercises (exerciseID, equipmentID) VALUES (96, 2);
INSERT INTO exercises (name, difficulty, tips, link) VALUES ('Dumbbell Guillotine Incline Bench Press', 2, 'Lie on the incline bench, grasp a pair of dumbbells and hold them at shoulder level with your palms facing forward. Slowly lower the dumbbells to your chest, keeping your elbows flared out. As you lower the dumbbells, exhale deeply. Once your elbows reach your chest, pause for a moment and then press them back up to the starting position ', '');
INSERT INTO muscle_groups_in_exercises (exerciseID, muscleID) VALUES (97, 2);
INSERT INTO equipment_in_exercises (exerciseID, equipmentID) VALUES (97, 2);
INSERT INTO muscle_groups_in_exercises (exerciseID, muscleID) VALUES (64, 2);
INSERT INTO exercises (name, difficulty, tips, link) VALUES ('Dumbbell Incline Chest Fly', 0, 'Lay on an incline bench with two dumbbells extended in front of you. You should have a slight bend in your elbows and maintain that bend. Your shoulder joint should do all the movement. Bring the dumbbells out to your side. Stop the dumbbells before going behind your body. Bring the dumbbells back together at the top. ', '');
INSERT INTO muscle_groups_in_exercises (exerciseID, muscleID) VALUES (98, 2);
INSERT INTO equipment_in_exercises (exerciseID, equipmentID) VALUES (98, 2);
INSERT INTO exercises (name, difficulty, tips, link) VALUES ('Dumbbell Internally Rotated Chest Fly', 2, 'Lay on a bench with two dumbbells extended in front of you in an overhand grip. You should have a slight bend in your elbows and maintain that bend. Your shoulder joint should do all the movement. Bring the dumbbells out to your side. Stop the dumbbells before going behind your body. Bring the dumbbells back together at the top. ', '');
INSERT INTO muscle_groups_in_exercises (exerciseID, muscleID) VALUES (99, 2);
INSERT INTO equipment_in_exercises (exerciseID, equipmentID) VALUES (99, 2);
INSERT INTO exercises (name, difficulty, tips, link) VALUES ('Dumbbell Internally Rotated Incline Chest Fly', 2, 'Lay on an incline bench with two dumbbells extended in front of you. You should have a slight bend in your elbows and maintain that bend. Your shoulder joint should do all the movement. You should have an overhand grip. Bring the dumbbells out to your side. Stop the dumbbells before going behind your body. Bring the dumbbells back together at the top. ', '');
INSERT INTO muscle_groups_in_exercises (exerciseID, muscleID) VALUES (100, 2);
INSERT INTO equipment_in_exercises (exerciseID, equipmentID) VALUES (100, 2);
INSERT INTO exercises (name, difficulty, tips, link) VALUES ('Dumbbell Neutral Bench Press', 0, 'Lie on a flat bench, grasp a pair of dumbbells and hold them at shoulder level with your palms facing each other. Keep your elbows bent and close to your body. Slowly lower the dumbbells to your chest, keeping your elbows bent and close to your body. Once the dumbbells reach your chest, pause for a moment and then press them back up to the starting position. This variation is much easier on the shoulder joints. ', '');
INSERT INTO muscle_groups_in_exercises (exerciseID, muscleID) VALUES (101, 2);
INSERT INTO equipment_in_exercises (exerciseID, equipmentID) VALUES (101, 2);
INSERT INTO exercises (name, difficulty, tips, link) VALUES ('Dumbbell Neutral Incline Bench Press', 0, 'Lie on an incline bench, grasp a pair of dumbbells and hold them at shoulder level with your palms facing each other. Keep your elbows bent and close to your body. Slowly lower the dumbbells to your chest, keeping your elbows bent and close to your body. Once the dumbbells reach your chest, pause for a moment and then press them back up to the starting position. This variation is much easier on the shoulder joints. ', '');
INSERT INTO muscle_groups_in_exercises (exerciseID, muscleID) VALUES (102, 2);
INSERT INTO equipment_in_exercises (exerciseID, equipmentID) VALUES (102, 2);
INSERT INTO exercises (name, difficulty, tips, link) VALUES ('Dumbbell Squeeze Press', 0, 'Lay flat on a bench with two dumbbells pressed to one another. Break at the elbows and keep your elbows tucked as you bring the dumbbells to your chest. Continue to press the dumbbells into one another throughout the rep. Once the dumbbells reach your chest, press back toward the ceiling. ', '');
INSERT INTO muscle_groups_in_exercises (exerciseID, muscleID) VALUES (103, 2);
INSERT INTO equipment_in_exercises (exerciseID, equipmentID) VALUES (103, 2);
INSERT INTO exercises (name, difficulty, tips, link) VALUES ('Dumbbell Single Arm Press', 1, 'Start by laying on a bench with two dumbbells. Position the dumbbell above your chest with your elbow bent and shoulder level. Slowly lower the dumbbell towards your chest, keeping your elbow close to your body and your core engaged while the other dumbbell remains pointed toward the ceiling. Once the dumbbell reaches your side, pause for a moment and then press the weight back up to the starting position. Repeat for the desired number of repetitions before switching to your other arm. ', '');
INSERT INTO muscle_groups_in_exercises (exerciseID, muscleID) VALUES (104, 2);
INSERT INTO equipment_in_exercises (exerciseID, equipmentID) VALUES (104, 2);
INSERT INTO exercises (name, difficulty, tips, link) VALUES ('Burpee', 1, 'Start standing with your feet hip-width apart. Lower your body into a squat position, placing your hands on the ground in front of you. Quickly jump your feet back into a plank position, keeping your body in a straight line from your head to your toes. Perform a push-up, keeping your core tight and your elbows close to your body. Jump your feet back towards your hands, and then jump up into the air, reaching your arms overhead. Land softly and immediately lower your body back into the squat position to repeat the movement. ', '');
INSERT INTO muscle_groups_in_exercises (exerciseID, muscleID) VALUES (105, 2);
INSERT INTO equipment_in_exercises (exerciseID, equipmentID) VALUES (105, 9);
INSERT INTO exercises (name, difficulty, tips, link) VALUES ('Band Chest Fly', 0, 'Secure two resistance bands to a sturdy anchor point (e.g. a door anchor, a post, etc.) at chest height. Stand facing away from the anchor point with feet shoulder-width apart and hold each end of the band in each hand. Start with arms fully extended and parallel to the floor. Keeping arms straight, slowly bring your arms together in front of your chest. ', '');
INSERT INTO muscle_groups_in_exercises (exerciseID, muscleID) VALUES (106, 2);
INSERT INTO equipment_in_exercises (exerciseID, equipmentID) VALUES (106, 6);
INSERT INTO exercises (name, difficulty, tips, link) VALUES ('Band Chest Press', 0, 'Stand in the middle of the two bands with feet shoulder-width apart. Step forward with one foot to create tension in the bands. Hold one band in each hand, palms facing forward.;
Start the exercise with your arms extended in front of you, keeping a slight bend in your elbows. Lower your arms to the sides of your chest, maintaining control of the band. Push your arms back up to the starting position, keeping your core engaged and maintaining control of the band. ', '');
INSERT INTO muscle_groups_in_exercises (exerciseID, muscleID) VALUES (107, 2);
INSERT INTO equipment_in_exercises (exerciseID, equipmentID) VALUES (107, 6);
INSERT INTO exercises (name, difficulty, tips, link) VALUES ('Band Internally Rotated Chest Fly', 1, 'Start with both feet hip-width apart and step on the middle of the band with both feet. Hold the handles of the band in each hand and position the band above your chest, with your palms facing down. Keeping your elbows slightly bent, slowly raise your arms out to the sides until they are parallel with the floor. Make sure to internally rotate your shoulder joints by bringing your shoulder blades together and rotating your forearms inward towards your torso. Hold the position for a few seconds and then slowly lower your arms back to the starting position, keeping the internal rotation of your shoulder joints throughout the movement. ', '');
INSERT INTO muscle_groups_in_exercises (exerciseID, muscleID) VALUES (108, 2);
INSERT INTO equipment_in_exercises (exerciseID, equipmentID) VALUES (108, 6);
INSERT INTO exercises (name, difficulty, tips, link) VALUES ('Plate Deficit Pushup', 2, 'Start in a pushup position with both hands on a plate. This will extend your range of motion. Break at the elbows and shoulders until your upper arm travels behind the body slightly. Then press back into the original position. ', '');
INSERT INTO muscle_groups_in_exercises (exerciseID, muscleID) VALUES (109, 2);
INSERT INTO equipment_in_exercises (exerciseID, equipmentID) VALUES (109, 7);
INSERT INTO exercises (name, difficulty, tips, link) VALUES ('Plate Glute Bridge to Chest Press', 0, 'Lay flat on the ground with a plate on your chest. Push your hips up toward the ceiling and maintain that extended position. With your hips up, press the plate toward the ceiling. ', '');
INSERT INTO muscle_groups_in_exercises (exerciseID, muscleID) VALUES (110, 2);
INSERT INTO equipment_in_exercises (exerciseID, equipmentID) VALUES (110, 7);
INSERT INTO exercises (name, difficulty, tips, link) VALUES ('Dumbbell Elevated Pushup', 1, 'Start by placing two dumbbells on the floor, about shoulder-width apart. Position yourself in a plank position with your hands on top of the dumbbells, keeping your arms straight. Keep your feet together, with your toes resting on the floor. Engage your core and lower your body towards the floor by bending your arms, until your chest nearly touches the dumbbells. Push your body back up to the starting position, straightening your arms and engaging your chest, triceps and shoulders. ', '');
INSERT INTO muscle_groups_in_exercises (exerciseID, muscleID) VALUES (111, 2);
INSERT INTO equipment_in_exercises (exerciseID, equipmentID) VALUES (111, 2);
INSERT INTO exercises (name, difficulty, tips, link) VALUES ('Pushup to Renegade Row', 1, 'Start in a high plank position with a pair of dumbbells positioned under your shoulders. Your hands should grip the dumbbells, palms facing each other. Keep your core engaged and your back straight as you row one dumbbell up towards your hip, keeping your elbow close to your body. Lower the dumbbell back down to the starting position and repeat on the other side. ', '');
INSERT INTO muscle_groups_in_exercises (exerciseID, muscleID) VALUES (112, 2);
INSERT INTO equipment_in_exercises (exerciseID, equipmentID) VALUES (112, 2);
INSERT INTO exercises (name, difficulty, tips, link) VALUES ('TRX Pec Fly', 1, 'Start by adjusting the TRX straps to chest height. Stand facing the TRX with your feet shoulder-width apart. Grasp the TRX handles with both hands, keeping your arms extended and your shoulders away from your ears. Lean forward, keeping your arms extended and your core engaged. Your body should form a slight diagonal line from your ankles to your head. Slowly bring your arms towards each other, in front of your chest, while keeping your core engaged and your body in a stable position. ', '');
INSERT INTO muscle_groups_in_exercises (exerciseID, muscleID) VALUES (113, 2);
INSERT INTO equipment_in_exercises (exerciseID, equipmentID) VALUES (113, 8);
INSERT INTO exercises (name, difficulty, tips, link) VALUES ('TRX Pushup', 0, 'Start by setting up the TRX straps to a secure anchor point and adjust the straps so that they hang about waist height when you stand under them. Stand facing the TRX straps, grab the handles with both hands, and step forward so that your body is in a plank position with your hands directly beneath your shoulders. Lower your body down by bending your elbows until your chest nearly touches the handles. Keep your core tight and your body in a straight line. Push your body back up to the starting position, straightening your arms as you do so. Make sure to engage your chest, triceps, and core throughout the movement. ', '');
INSERT INTO muscle_groups_in_exercises (exerciseID, muscleID) VALUES (114, 2);
INSERT INTO equipment_in_exercises (exerciseID, equipmentID) VALUES (114, 8);
INSERT INTO exercises (name, difficulty, tips, link) VALUES ('Dumbbell Alternating Single Arm Press', 1, 'Start in a bench press position with two dumbbells. Break at one of your elbows first while keeping the other elbow extended. Your working arm should reach your side before pressing back to the ceiling. Then alternate to the other arm. ', '');
INSERT INTO muscle_groups_in_exercises (exerciseID, muscleID) VALUES (115, 2);
INSERT INTO equipment_in_exercises (exerciseID, equipmentID) VALUES (115, 2);
INSERT INTO muscle_groups (name) VALUES ('Quads');
INSERT INTO exercises (name, difficulty, tips, link) VALUES ('Barbell Squat', 2, 'Stand with your feet shoulder-width apart. Maintain the natural arch in your back, squeezing your shoulder blades and raising your chest. Grip the bar across your shoulders and support it on your upper back. Unwrack the bar by straightening your legs, and take a step back. Bend your knees as you lower the weight without altering the form of your back until your hips are below your knees. Raise the bar back to starting position, lift with your legs and exhale at the top. ', 'https://youtu.be/NcMEyM7qyuk');
INSERT INTO muscle_groups_in_exercises (exerciseID, muscleID) VALUES (116, 3);
INSERT INTO equipment_in_exercises (exerciseID, equipmentID) VALUES (116, 1);
INSERT INTO exercises (name, difficulty, tips, link) VALUES ('Machine Leg Press', 1, 'Place your legs on the platform with your feet at shoulder width. Release the weight and extend your legs fully, without locking your knees. Lower the weight until your legs are at a 90 angle (but DO NOT allow your butt and lower back to rise off of the pad. This will put your lower back in a rounded position, which is very dangerous.) Raise the weight back to starting position. ', 'https://www.youtube.com/watch?v=4HLMuZqcg2k%7C');
INSERT INTO muscle_groups_in_exercises (exerciseID, muscleID) VALUES (117, 3);
INSERT INTO equipment (name) VALUES ('Machine');
INSERT INTO equipment_in_exercises (exerciseID, equipmentID) VALUES (117, 10);
INSERT INTO exercises (name, difficulty, tips, link) VALUES ('Machine Leg Extension', 1, 'Sit on the machine with your back against the cushion and adjust the machine you are using so that your knees are at a 90 degree angle at the starting position. Raise the weight by extending your knees outward, then lower your leg to the starting position. Both movements should be done in a slow, controlled motion. ', 'https://www.youtube.com/watch?v=dUmXckio8RY%7C');
INSERT INTO muscle_groups_in_exercises (exerciseID, muscleID) VALUES (118, 3);
INSERT INTO equipment_in_exercises (exerciseID, equipmentID) VALUES (118, 10);
INSERT INTO exercises (name, difficulty, tips, link) VALUES ('Dumbbell Goblet Squat', 0, 'Hold the weight tucked into your upper chest area, keeping your elbows in. Your feet should be slightly wider than shoulder width. Sink down into the squat, keeping your elbows inside the track of your knees. Push through your heels while keeping your chest up and return to starting position. ', 'https://www.youtube.com/watch?v=fgtbciu_Mss%7C');
INSERT INTO muscle_groups_in_exercises (exerciseID, muscleID) VALUES (119, 3);
INSERT INTO equipment_in_exercises (exerciseID, equipmentID) VALUES (119, 2);
INSERT INTO exercises (name, difficulty, tips, link) VALUES ('Bulgarian Split Squat', 0, 'Stand with your back to a bench (or raised surface) and place one of your feet on the bench. Squat down until your front leg is about parallel to the floor. Go back to the starting position. After completing the desired amount of reps, switch legs and repeat. ', 'https://youtu.be/O8FVKazzTPo');
INSERT INTO muscle_groups_in_exercises (exerciseID, muscleID) VALUES (120, 3);
INSERT INTO equipment_in_exercises (exerciseID, equipmentID) VALUES (120, 9);
INSERT INTO exercises (name, difficulty, tips, link) VALUES ('Kettlebell Step Up', 0, 'Standing up straight, using a bench as a step, raise one foot onto the bench and hold the kettlebell in the same arm as the straight leg. Stand and bring both feet onto the bench. Slowly lower your leg back down to the starting position. Repeat. ', 'https://youtu.be/2RUqvo7Sg68');
INSERT INTO muscle_groups_in_exercises (exerciseID, muscleID) VALUES (121, 3);
INSERT INTO equipment_in_exercises (exerciseID, equipmentID) VALUES (121, 3);
INSERT INTO exercises (name, difficulty, tips, link) VALUES ('Kettlebell Goblet Squat', 0, 'Hold the weight tucked into your upper chest area, keeping your elbows in. Your feet should be slightly wider than your shoulders. Sink down into the squat, keeping your elbows inside the track of your knees. Push through your heels while keeping your chest up and return to the starting position. ', 'https://youtu.be/e7Osus3JkKI');
INSERT INTO muscle_groups_in_exercises (exerciseID, muscleID) VALUES (122, 3);
INSERT INTO equipment_in_exercises (exerciseID, equipmentID) VALUES (122, 3);
INSERT INTO exercises (name, difficulty, tips, link) VALUES ('Kettlebell Heels Up Goblet Squat', 0, 'Hold the weight tucked into your upper chest area, keeping your elbows in. Your feet should be slightly wider than your shoulders and the heels slightly raised on a surface. Sink down into the squat, keeping your elbows inside the track of your knees. Push through your heels while keeping your chest up and return to the starting position. ', 'https://youtu.be/09B7ReyYPM8');
INSERT INTO muscle_groups_in_exercises (exerciseID, muscleID) VALUES (123, 3);
INSERT INTO equipment_in_exercises (exerciseID, equipmentID) VALUES (123, 3);
INSERT INTO exercises (name, difficulty, tips, link) VALUES ('Kettlebell Reverse Lunge', 0, 'Stand straight with your feet slightly apart and hold a kettlebell in one hand. Bring the same leg as the arm holding the kettlebell behind you, squat down until your back knee touches the ground, keeping your back straight. Return to the starting position and repeat. ', 'https://youtu.be/nAxdT_oEjzw');
INSERT INTO muscle_groups_in_exercises (exerciseID, muscleID) VALUES (124, 3);
INSERT INTO equipment_in_exercises (exerciseID, equipmentID) VALUES (124, 3);
INSERT INTO exercises (name, difficulty, tips, link) VALUES ('Kettlebell Forward Lunge', 0, 'Stand straight with your feet slightly apart and hold a kettlebell in one hand. Bring the same leg as the arm holding the kettlebell in front of you, squat down until your thigh is parallel to the ground, keeping your back straight. Return to the starting position and repeat. ', 'https://youtu.be/jLTnxqYwflg');
INSERT INTO muscle_groups_in_exercises (exerciseID, muscleID) VALUES (125, 3);
INSERT INTO equipment_in_exercises (exerciseID, equipmentID) VALUES (125, 3);
INSERT INTO exercises (name, difficulty, tips, link) VALUES ('Kettlebell Lateral Lunge', 0, 'Stand straight with your feet shoulder width apart. Keep your back straight and hold the kettlebell in front of your pelvis. Take a large step to one side, holding the kettlebell low and lunge into the bent leg. Return to the starting position and repeat ', 'https://youtu.be/zEfWSjDy73k');
INSERT INTO muscle_groups_in_exercises (exerciseID, muscleID) VALUES (126, 3);
INSERT INTO equipment_in_exercises (exerciseID, equipmentID) VALUES (126, 3);
INSERT INTO exercises (name, difficulty, tips, link) VALUES ('Quads Stretch Variation Four', 0, 'Lay flat on your belly. Extend one arm out in front of you, placing your palm on the floor. With your other arm, grab the top of your foot. Keeping your upper leg flat on the floor, pull your foot towards your buttocks to engage the stretch. Pause for a few seconds, and then repeat the stretch with your other leg. ', 'https://youtu.be/umn7Jj1S4Mk');
INSERT INTO muscle_groups_in_exercises (exerciseID, muscleID) VALUES (127, 3);
INSERT INTO equipment_in_exercises (exerciseID, equipmentID) VALUES (127, 4);
INSERT INTO exercises (name, difficulty, tips, link) VALUES ('Quads Stretch Variation Three', 0, 'Lay flat on your belly, with both hands reach back and grab the tops of your feet. Keeping your upper legs flat on the ground, pull both of your feet towards your buttocks. Pause at the apex of the stretch, then return to starting position. ', 'https://youtu.be/rToyLnTO5y8');
INSERT INTO muscle_groups_in_exercises (exerciseID, muscleID) VALUES (128, 3);
INSERT INTO equipment_in_exercises (exerciseID, equipmentID) VALUES (128, 4);
INSERT INTO exercises (name, difficulty, tips, link) VALUES ('Quads Stretch Variation Two', 0, 'Place one foot flat on the ground in front of you at a 90 degree angle. With your other leg, balance upon your knee, placing the tip of your foot against the wall behind you for balance. Place your hands on your knee in front of you, and lean forward so that your knee extends over your foot. Pause at the apex of the stretch, and slowly return to starting position. Repeat with your other leg. ', 'https://youtu.be/VuQk0TXCUvw');
INSERT INTO muscle_groups_in_exercises (exerciseID, muscleID) VALUES (129, 3);
INSERT INTO equipment_in_exercises (exerciseID, equipmentID) VALUES (129, 4);
INSERT INTO exercises (name, difficulty, tips, link) VALUES ('Quads Stretch Variation One', 0, 'Stand perpendicular to a wall, using one arm against the wall for balance. With your other arm, grab the top of your foot. Pull your leg upwards and back to engage your quads, pausing at the apex of the stretch for a few seconds. Return to starting position and repeat with your other leg. ', 'https://youtu.be/fxWiNBXPpUE');
INSERT INTO muscle_groups_in_exercises (exerciseID, muscleID) VALUES (130, 3);
INSERT INTO equipment_in_exercises (exerciseID, equipmentID) VALUES (130, 4);
INSERT INTO exercises (name, difficulty, tips, link) VALUES ('Side Lunges', 0, 'Take a slow, lateral step to the right. Extend the left knee, and drive your weight into your right side. Flex your knee and lower your body. Push back to the starting position. ', 'https://youtu.be/m5y8RANJwiE');
INSERT INTO muscle_groups_in_exercises (exerciseID, muscleID) VALUES (131, 3);
INSERT INTO equipment_in_exercises (exerciseID, equipmentID) VALUES (131, 9);
INSERT INTO exercises (name, difficulty, tips, link) VALUES ('Forward Lunges', 0, 'Step forward with one leg. Lower your body until your rear knee nearly touches the ground. Ensure you remain upright, and your front knee stay above the front foot. Push off the floor with your front foot until you return to the starting position. Switch legs. ', 'https://www.youtube.com/watch?v=Y9zHge5sRj4');
INSERT INTO muscle_groups_in_exercises (exerciseID, muscleID) VALUES (132, 3);
INSERT INTO equipment_in_exercises (exerciseID, equipmentID) VALUES (132, 9);
INSERT INTO exercises (name, difficulty, tips, link) VALUES ('Jump Squats', 0, 'Stand with your feet shoulder-width apart. Start by doing a regular squat, then engage your core and jump up explosively. When you land, lower your body back into the squat position. ', 'https://youtu.be/vE320InfPN8');
INSERT INTO muscle_groups_in_exercises (exerciseID, muscleID) VALUES (133, 3);
INSERT INTO equipment_in_exercises (exerciseID, equipmentID) VALUES (133, 9);
INSERT INTO exercises (name, difficulty, tips, link) VALUES ('Bodyweight Squat', 0, 'Stand with your feet shoulder width apart. flex your knees and hips and sit back into the squat while lowering your body Continue down to full depth Return to starting position. ', 'https://youtu.be/sHB6Vjxrgfk');
INSERT INTO muscle_groups_in_exercises (exerciseID, muscleID) VALUES (134, 3);
INSERT INTO equipment_in_exercises (exerciseID, equipmentID) VALUES (134, 9);
INSERT INTO exercises (name, difficulty, tips, link) VALUES ('Barbell Curtsy Lunge', 1, 'Place the barbell on your back Step your foot back and around while simultaneously bringing the weight down. Return to start and repeat on other leg. ', 'https://youtu.be/wf24lVEsmLU');
INSERT INTO muscle_groups_in_exercises (exerciseID, muscleID) VALUES (135, 3);
INSERT INTO equipment_in_exercises (exerciseID, equipmentID) VALUES (135, 1);
INSERT INTO exercises (name, difficulty, tips, link) VALUES ('Cable Goblet Squat', 0, 'Start with a straight bar or easy bar attachment . Get your elbows directly underneath the bar, squat straight up and then walk back a few steps. Break at your knees and hips to initiate the squat. Make sure you maintain a flat back. Squat all the way back to a standing position. ', 'https://youtu.be/5Sw1FOHoyOg');
INSERT INTO muscle_groups_in_exercises (exerciseID, muscleID) VALUES (136, 3);
INSERT INTO equipment_in_exercises (exerciseID, equipmentID) VALUES (136, 5);
INSERT INTO exercises (name, difficulty, tips, link) VALUES ('Cable Split Squat', 2, 'You can use any attachment on this exercise. Cable should be set all to the bottom. Grab the attachment and walk back a few steps. Take a split stance. One leg in front and one behind. Break at the knees and hips to initiate the split squat. Make sure your back knee touches the floor. Squat back up into a standing position. ', 'https://youtu.be/OWPhmJASmjQ');
INSERT INTO muscle_groups_in_exercises (exerciseID, muscleID) VALUES (137, 3);
INSERT INTO equipment_in_exercises (exerciseID, equipmentID) VALUES (137, 5);
INSERT INTO exercises (name, difficulty, tips, link) VALUES ('Cable Standing Leg Extension', 2, 'Stand upright facing away from the cable crossover with the cable set to the height of your hips. Use an ankle/wrist attachment. Extend at the knee against the cable. ', 'https://youtu.be/x0MwDtXDCRI');
INSERT INTO muscle_groups_in_exercises (exerciseID, muscleID) VALUES (138, 3);
INSERT INTO equipment_in_exercises (exerciseID, equipmentID) VALUES (138, 5);
INSERT INTO exercises (name, difficulty, tips, link) VALUES ('Band Spanish Squat', 2, '', 'https://youtu.be/o6UjRaOC9As');
INSERT INTO muscle_groups_in_exercises (exerciseID, muscleID) VALUES (139, 3);
INSERT INTO equipment_in_exercises (exerciseID, equipmentID) VALUES (139, 6);
INSERT INTO exercises (name, difficulty, tips, link) VALUES ('Band Leg Press', 2, 'Lay flat on the ground with your head by the anchor point of the band, which should be 6 to 12 inches above your head Place the band around your midfoot and extend at the knees and hip. ', 'https://youtu.be/sTeX8vSlqAI');
INSERT INTO muscle_groups_in_exercises (exerciseID, muscleID) VALUES (140, 3);
INSERT INTO equipment_in_exercises (exerciseID, equipmentID) VALUES (140, 6);
INSERT INTO exercises (name, difficulty, tips, link) VALUES ('Band Squat', 0, 'Stand with a shoulder width grip. Both feet should be on the band with the band loops in each of your hand. Push your butt back and also break at the knees. Try to hit parallel depth (bottom of your leg should be parallel with the ground). If you can''t tell your squat depth, then try squatting in front of a mirror and watch your form. ', 'https://youtu.be/QiabsmEL4nI');
INSERT INTO muscle_groups_in_exercises (exerciseID, muscleID) VALUES (141, 3);
INSERT INTO equipment_in_exercises (exerciseID, equipmentID) VALUES (141, 6);
INSERT INTO exercises (name, difficulty, tips, link) VALUES ('Dumbbell Goblet Bulgarian Split Squat', 2, 'Holding the dumbbell in a goblet squat place your foot on a bench or box. Break at the hips and knees. Try to go to the point where your hamstring is parallel with the ground. Or until your back knee taps the floor. Make sure to keep your back flat and your elbows directly under your fists. ', 'https://youtu.be/hqm4c0zkuD8');
INSERT INTO muscle_groups_in_exercises (exerciseID, muscleID) VALUES (142, 3);
INSERT INTO equipment_in_exercises (exerciseID, equipmentID) VALUES (142, 2);
INSERT INTO exercises (name, difficulty, tips, link) VALUES ('Barbell Bulgarian Split Squat', 2, 'Find a box or bench that is roughly knee height or a few inches lower. (The lower the box is the lower the mobility requirement). You can either place your toes or the top of your foot on the box. Point your front foot forward or slightly turned outwards and break at the knees and hips simultaneously. Aim to get your front leg to hit parallel depth (hamstring parallel with the ground) or lower. The further forward your front foot is, the longer the Range of Motion is at your hips. The further back your front foot is, the longer the ROM at your knees. ', 'https://youtu.be/TSSiu0fSJgE');
INSERT INTO muscle_groups_in_exercises (exerciseID, muscleID) VALUES (143, 3);
INSERT INTO equipment_in_exercises (exerciseID, equipmentID) VALUES (143, 1);
INSERT INTO exercises (name, difficulty, tips, link) VALUES ('Barbell Front Squat Olympic', 2, 'Measure your hands by the markings on the bar to make sure you''re even. Then throw your elbows underneath the bar. The bar should be set so high on your shoulders it digs into your neck a bit. Make sure to push your elbows up to the ceiling for the entire rep. To make sure you don''t get too pitched forward. Use the squat stance you would use for a back or goblet squat. Push your hips back to initiate the squat. Break at the knees until you hit parallel depth. Squat back up to a standing position. ', 'https://youtu.be/wvnh-DqB41o');
INSERT INTO muscle_groups_in_exercises (exerciseID, muscleID) VALUES (144, 3);
INSERT INTO equipment_in_exercises (exerciseID, equipmentID) VALUES (144, 1);
INSERT INTO exercises (name, difficulty, tips, link) VALUES ('Barbell Front Squat Bodybuilding', 2, 'Measure your shoulders against the bar to make sure you''re even. Throw your shoulders under the bar. The bar should be digging into your neck slightly. Make sure to push your elbows up to the ceiling for the entire rep. To make sure you don''t get too pitched forward. Use the squat stance you would use for a back or goblet squat. Push your hips back to initiate the squat. Break at the knees until you hit parallel depth. Squat back up to a standing position. ', 'https://youtu.be/tj5rYWVvaEw');
INSERT INTO muscle_groups_in_exercises (exerciseID, muscleID) VALUES (145, 3);
INSERT INTO equipment_in_exercises (exerciseID, equipmentID) VALUES (145, 1);
INSERT INTO exercises (name, difficulty, tips, link) VALUES ('Barbell High Bar Squat', 0, 'Place the bar on top of your traps. Push your hips back and break at the knees. Push your elbows forward to keep yourself from getting pitched too far forward. Aim to get your hamstrings to parallel with the floor. Push your heels into the floor and squat back to a standing position. ', 'https://www.youtube.com/watch?v=NcMEyM7qyuk');
INSERT INTO muscle_groups_in_exercises (exerciseID, muscleID) VALUES (146, 3);
INSERT INTO equipment_in_exercises (exerciseID, equipmentID) VALUES (146, 1);
INSERT INTO exercises (name, difficulty, tips, link) VALUES ('Barbell Low Bar Squat', 2, 'Pull your shoulder blades back really hard and place the bar on your posterior delts. Push your hips back and break at the knees to initiate the squat. Aim to get your hamstrings to parallel with the ground. Push your heels into the floor and squat back up to a standing position. ', 'https://www.youtube.com/watch?v=NcMEyM7qyuk');
INSERT INTO muscle_groups_in_exercises (exerciseID, muscleID) VALUES (147, 3);
INSERT INTO equipment_in_exercises (exerciseID, equipmentID) VALUES (147, 1);
INSERT INTO exercises (name, difficulty, tips, link) VALUES ('Dumbbell Bulgarian Split Squat', 2, 'Find a box or bench that is roughly knee height or a few inches lower. (The lower the box is the lower the mobility requirement). You can either place your toes or the top of your foot on the box. Point your front foot forward or slightly turned outwards and break at the knees and hips simultaneously. Aim to get your front leg to hit parallel depth (hamstring parallel with the ground) or lower. The further forward your front foot is, the longer the Range of Motion is at your hips. The further back your front foot is, the longer the ROM at your knees. ', 'https://youtu.be/SzyQrILdzbw');
INSERT INTO muscle_groups_in_exercises (exerciseID, muscleID) VALUES (148, 3);
INSERT INTO equipment_in_exercises (exerciseID, equipmentID) VALUES (148, 2);
INSERT INTO exercises (name, difficulty, tips, link) VALUES ('Barbell Coan Deadlift', 1, 'Stand with your feet hip-width apart and place a barbell on the floor in front of you. Bend at the hips and knees to grasp the barbell with an overhand grip, positioning your hands just outside of your hips. Keeping your back straight and your core engaged, lift the barbell off the floor by extending your hips and knees. As you lift the barbell, pull your shoulders back and squeeze your glutes to fully extend your hips at the top of the movement. ', '');
INSERT INTO muscle_groups_in_exercises (exerciseID, muscleID) VALUES (149, 3);
INSERT INTO equipment_in_exercises (exerciseID, equipmentID) VALUES (149, 1);
INSERT INTO muscle_groups_in_exercises (exerciseID, muscleID) VALUES (135, 3);
INSERT INTO exercises (name, difficulty, tips, link) VALUES ('Barbell Forward Lunge', 2, 'Stand with your feet shoulder-width apart and hold a barbell at your shoulders with an overhand grip. Step forward with your right foot and bend both knees to lower your body until your right thigh is parallel to the ground. Push off your right foot to return to the starting position. ', 'https://www.youtube.com/watch?v=Y9zHge5sRj4');
INSERT INTO muscle_groups_in_exercises (exerciseID, muscleID) VALUES (150, 3);
INSERT INTO equipment_in_exercises (exerciseID, equipmentID) VALUES (150, 1);
INSERT INTO exercises (name, difficulty, tips, link) VALUES ('Barbell Front Rack Step Up', 2, 'Stand in front of a step or bench with your feet shoulder-width apart and hold a barbell at your shoulders with an overhand grip. Step up onto the bench with your right foot, pushing off your foot to raise your body up onto the bench. Bring your left foot up onto the bench and stand up straight, keeping the barbell at your shoulders. Step back down with your left foot, followed by your right foot, to return to the starting position. ', '');
INSERT INTO muscle_groups_in_exercises (exerciseID, muscleID) VALUES (151, 3);
INSERT INTO equipment_in_exercises (exerciseID, equipmentID) VALUES (151, 1);
INSERT INTO exercises (name, difficulty, tips, link) VALUES ('Barbell Heels Up Back Squat', 2, 'Stand with your feet shoulder-width apart and your heels on a plate or low step. Bend your knees and lower your body into a squat position. Push through your heels to return to the starting position. ', '');
INSERT INTO muscle_groups_in_exercises (exerciseID, muscleID) VALUES (152, 3);
INSERT INTO equipment_in_exercises (exerciseID, equipmentID) VALUES (152, 1);
INSERT INTO exercises (name, difficulty, tips, link) VALUES ('Barbell Heels Up Front Squat', 2, 'Stand with your feet shoulder-width apart and feet on a plate. Place the bar in a front rack position. Bend your knees and lower your body into a squat position, keeping your heels raised off the ground. Push through your heels to return to the starting position. ', '');
INSERT INTO muscle_groups_in_exercises (exerciseID, muscleID) VALUES (153, 3);
INSERT INTO equipment_in_exercises (exerciseID, equipmentID) VALUES (153, 1);
INSERT INTO exercises (name, difficulty, tips, link) VALUES ('Barbell Lateral Lunge', 2, 'Stand with your feet shoulder-width apart and hold a barbell at your shoulders with an overhand grip. Step out to the side with your right foot and bend your right knee to lower your body until your right thigh is parallel to the ground. Push off your right foot to return to the starting position. Repeat on the opposite side by stepping out with your left foot. ', '');
INSERT INTO muscle_groups_in_exercises (exerciseID, muscleID) VALUES (154, 3);
INSERT INTO equipment_in_exercises (exerciseID, equipmentID) VALUES (154, 1);
INSERT INTO exercises (name, difficulty, tips, link) VALUES ('Barbell Pause Box Squat', 2, 'Stand in front of a box or bench with your feet shoulder-width apart and a barbell resting on your upper back. Lower your body into a squat position, sitting back onto the box and pausing for a moment before standing back up. Push through your heels to return to the standing position. ', '');
INSERT INTO muscle_groups_in_exercises (exerciseID, muscleID) VALUES (155, 3);
INSERT INTO equipment_in_exercises (exerciseID, equipmentID) VALUES (155, 1);
INSERT INTO exercises (name, difficulty, tips, link) VALUES ('Barbell Pause Squat', 1, 'Stand with your feet shoulder-width apart and a barbell resting on your upper back. Lower your body into a squat position, pausing for a moment at the bottom of the movement before standing back up. Push through your heels to return to the standing position. ', '');
INSERT INTO muscle_groups_in_exercises (exerciseID, muscleID) VALUES (156, 3);
INSERT INTO equipment_in_exercises (exerciseID, equipmentID) VALUES (156, 1);
INSERT INTO exercises (name, difficulty, tips, link) VALUES ('Barbell Reverse Deadlift', 2, 'Start by standing with your feet about hip-width apart, with your toes pointed slightly outward. Place a barbell on the floor behind you, with the weight plates on either side. Bend down and grab the barbell with an overhand grip, your hands slightly wider than shoulder-width apart. Keep your back straight and your shoulders down as you grip the bar. Stand up straight, lifting the barbell off the ground and pulling it toward your hips. Keep your elbows close to your body and your shoulders down as you do this. ', '');
INSERT INTO muscle_groups_in_exercises (exerciseID, muscleID) VALUES (157, 3);
INSERT INTO equipment_in_exercises (exerciseID, equipmentID) VALUES (157, 1);
INSERT INTO exercises (name, difficulty, tips, link) VALUES ('Barbell Reverse Lunge', 1, 'Start by standing with your feet about hip-width apart, with a barbell on your shoulders. Your feet should be slightly pointed outward, and your shoulders should be down and relaxed. Step backward with one foot, lowering your body until your front thigh is parallel to the ground and your back knee is hovering just above the ground. Push off your back foot, returning to the starting position. ', '');
INSERT INTO muscle_groups_in_exercises (exerciseID, muscleID) VALUES (158, 3);
INSERT INTO equipment_in_exercises (exerciseID, equipmentID) VALUES (158, 1);
INSERT INTO exercises (name, difficulty, tips, link) VALUES ('Bodyweight Reverse Step Up', 2, 'Start with a box or bench behind you and one of your feet on the box/bench. The balls of your feet should be planted on the box/bench. Drive through the ball of your foot extending your knees until you''re upright and standing on the box. ', '');
INSERT INTO muscle_groups_in_exercises (exerciseID, muscleID) VALUES (159, 3);
INSERT INTO equipment_in_exercises (exerciseID, equipmentID) VALUES (159, 9);
INSERT INTO exercises (name, difficulty, tips, link) VALUES ('Barbell Side Step Up', 1, 'Start by standing with your feet about hip-width apart, with a barbell on your shoulders. Your feet should be slightly pointed outward, and your shoulders should be down and relaxed. Place a step or box beside you, and step up onto it with one foot. Your other foot should remain on the ground. Push off your grounded foot, raising your body up onto the step. Step back down with the same foot, returning to the starting position. ', '');
INSERT INTO muscle_groups_in_exercises (exerciseID, muscleID) VALUES (160, 3);
INSERT INTO equipment_in_exercises (exerciseID, equipmentID) VALUES (160, 1);
INSERT INTO exercises (name, difficulty, tips, link) VALUES ('Barbell Split Squat', 1, 'Take a large step forward with one leg, and lower your body until your back knee nearly touches the ground. Your front knee should be bent at a 90-degree angle, and your back leg should be straight. Push through the heel of your front foot to raise your body back to the starting position. ', '');
INSERT INTO muscle_groups_in_exercises (exerciseID, muscleID) VALUES (161, 3);
INSERT INTO equipment_in_exercises (exerciseID, equipmentID) VALUES (161, 1);
INSERT INTO exercises (name, difficulty, tips, link) VALUES ('Barbell Step Up Balance', 1, 'Begin by standing in front of a sturdy box or bench that is about knee-height, holding a barbell across your upper back and shoulders, using an overhand grip. Place your right foot on the box and push through the heel to lift your body up and onto the box, keeping your left foot off the ground. Step back down with your right foot, lowering your left foot to the ground. ', '');
INSERT INTO muscle_groups_in_exercises (exerciseID, muscleID) VALUES (162, 3);
INSERT INTO equipment_in_exercises (exerciseID, equipmentID) VALUES (162, 1);
INSERT INTO exercises (name, difficulty, tips, link) VALUES ('Barbell Step Up', 0, 'Begin by standing in front of a sturdy box or bench that is about knee-height, holding a barbell across your upper back and shoulders, using an overhand grip. Place your right foot on the box and push through the heel to lift your body up and onto the box. Step back down with your right foot. ', '');
INSERT INTO muscle_groups_in_exercises (exerciseID, muscleID) VALUES (163, 3);
INSERT INTO equipment_in_exercises (exerciseID, equipmentID) VALUES (163, 1);
INSERT INTO exercises (name, difficulty, tips, link) VALUES ('Barbell Tap Pause Squat', 1, 'Begin by standing in front of a sturdy box or bench that is about knee-height, holding a barbell across your upper back and shoulders, using an overhand grip. Sit back and lower your body down until your glutes tap the top of the box, keeping your back straight and your core engaged. Push through your heels to extend your hips and stand up, bringing your body back to the starting position. ', '');
INSERT INTO muscle_groups_in_exercises (exerciseID, muscleID) VALUES (164, 3);
INSERT INTO equipment_in_exercises (exerciseID, equipmentID) VALUES (164, 1);
INSERT INTO exercises (name, difficulty, tips, link) VALUES ('Barbell Zercher Squat', 2, 'Begin by standing with your feet about hip-width apart and holding a barbell in the crook of your arms, near your belly. Your palms should be facing towards your body. Sit back and lower your body down until your thighs are parallel to the ground, keeping your back straight and your core engaged. Push through your heels to extend your hips and stand back up to the starting position. ', '');
INSERT INTO muscle_groups_in_exercises (exerciseID, muscleID) VALUES (165, 3);
INSERT INTO equipment_in_exercises (exerciseID, equipmentID) VALUES (165, 1);
INSERT INTO exercises (name, difficulty, tips, link) VALUES ('Assisted Bulgarian Split Squat', 0, 'Grab a stick of some sort or hold onto something stable (rack, bench). Grab a box that is knee height or slightly lower. Hold the stick in your right arm and put your right leg on the box. Begin your squat by breaking at the knees. Get your knee close to the floor or all the way to the floor. Make sure to keep your chest tall. ', '');
INSERT INTO muscle_groups_in_exercises (exerciseID, muscleID) VALUES (166, 3);
INSERT INTO equipment_in_exercises (exerciseID, equipmentID) VALUES (166, 9);
INSERT INTO muscle_groups_in_exercises (exerciseID, muscleID) VALUES (120, 3);
INSERT INTO exercises (name, difficulty, tips, link) VALUES ('Curtsy Lunge', 1, 'Step your left foot diagonally behind your right leg, crossing it behind your body. Bend your knees and lower your hips until your left thigh is parallel to the floor and your right knee is hovering just above the ground. Push through your right foot to straighten your legs and return to the starting position. Repeat the movement with your other leg. ', '');
INSERT INTO muscle_groups_in_exercises (exerciseID, muscleID) VALUES (167, 3);
INSERT INTO equipment_in_exercises (exerciseID, equipmentID) VALUES (167, 9);
INSERT INTO exercises (name, difficulty, tips, link) VALUES ('Forward Lunge', 0, 'Step forward with one leg and lower your body until your front thigh is parallel to the floor and your back knee almost touches the ground. Keep your chest up and your front foot flat on the floor. Push through your front foot to straighten your legs and return to the starting position. Repeat the movement with your other leg. ', 'https://www.youtube.com/watch?v=Y9zHge5sRj4');
INSERT INTO muscle_groups_in_exercises (exerciseID, muscleID) VALUES (168, 3);
INSERT INTO equipment_in_exercises (exerciseID, equipmentID) VALUES (168, 9);
INSERT INTO exercises (name, difficulty, tips, link) VALUES ('Heels Up Squat', 1, 'Place your heels on a plate or very low step. Keep your chest tall and initiate the squat by pushing your hips back and breaking at the knees. You should notice yourself able to squat lower than normal. ', '');
INSERT INTO muscle_groups_in_exercises (exerciseID, muscleID) VALUES (169, 3);
INSERT INTO equipment_in_exercises (exerciseID, equipmentID) VALUES (169, 9);
INSERT INTO exercises (name, difficulty, tips, link) VALUES ('Lateral Lunge', 1, 'Engage your core by drawing your belly button towards your spine. This will help to stabilize your body. Take a large step to the side with your right foot, planting it firmly on the ground. As you step, bend your right knee and lower your hips until your right thigh is parallel to the ground. Your left leg should remain straight. Push through your right heel to return to the starting position. Repeat on the opposite side by stepping out with your left foot. ', '');
INSERT INTO muscle_groups_in_exercises (exerciseID, muscleID) VALUES (170, 3);
INSERT INTO equipment_in_exercises (exerciseID, equipmentID) VALUES (170, 9);
INSERT INTO exercises (name, difficulty, tips, link) VALUES ('Bodyweight Reverse Lunge', 0, 'Push through your right heel to return to standing, bringing your left leg back to starting position. Repeat the movement on the other side, stepping backwards with your right leg and lowering your body until your right thigh is parallel to the ground and your left knee is bent at a 90-degree angle. Take a big step backwards with your left leg, lowering your body until your left thigh is parallel to the ground and your right knee is bent at a 90-degree angle. ', '');
INSERT INTO muscle_groups_in_exercises (exerciseID, muscleID) VALUES (171, 3);
INSERT INTO equipment_in_exercises (exerciseID, equipmentID) VALUES (171, 9);
INSERT INTO exercises (name, difficulty, tips, link) VALUES ('Split Squat', 0, 'Take a split stance. Make sure to keep your chest tall. Bring your rear knee to the floor or close to it. Drive through your front heel and your rear foot back to the starting position. ', '');
INSERT INTO muscle_groups_in_exercises (exerciseID, muscleID) VALUES (172, 3);
INSERT INTO equipment_in_exercises (exerciseID, equipmentID) VALUES (172, 9);
INSERT INTO muscle_groups_in_exercises (exerciseID, muscleID) VALUES (148, 3);
INSERT INTO exercises (name, difficulty, tips, link) VALUES ('Dumbbell Forward Lunge', 1, 'Stand with your feet hip-width apart and hold a dumbbell in each hand with your palms facing each other. Take a big step forward with your right foot, lowering your hips until your right thigh is parallel to the ground and your left knee is hovering just above the floor. Push through your right heel to straighten your right leg and return to the starting position. ', 'https://www.youtube.com/watch?v=Y9zHge5sRj4');
INSERT INTO muscle_groups_in_exercises (exerciseID, muscleID) VALUES (173, 3);
INSERT INTO equipment_in_exercises (exerciseID, equipmentID) VALUES (173, 2);
INSERT INTO muscle_groups_in_exercises (exerciseID, muscleID) VALUES (142, 3);
INSERT INTO exercises (name, difficulty, tips, link) VALUES ('Dumbbell Goblet Curtsy Lunge', 2, 'Stand with your feet hip-width apart and a dumbbell in a goblet position. Step your left foot behind and to the right of your right foot, crossing it behind your right leg. Bend your knees and lower your hips down and back, as if you were about to sit in a chair. Push through your right heel to straighten your right leg and return to the starting position. ', '');
INSERT INTO muscle_groups_in_exercises (exerciseID, muscleID) VALUES (174, 3);
INSERT INTO equipment_in_exercises (exerciseID, equipmentID) VALUES (174, 2);
INSERT INTO exercises (name, difficulty, tips, link) VALUES ('Dumbbell Goblet Forward Lunge', 1, 'Hold a dumbbell in a goblet position. Step forward with one of your legs while bending at your back leg. Bring your back knee to the floor or close to the floor. Push through your front leg explosively to get back to your starting position. ', 'https://www.youtube.com/watch?v=Y9zHge5sRj4');
INSERT INTO muscle_groups_in_exercises (exerciseID, muscleID) VALUES (175, 3);
INSERT INTO equipment_in_exercises (exerciseID, equipmentID) VALUES (175, 2);
INSERT INTO exercises (name, difficulty, tips, link) VALUES ('Dumbbell Goblet Lateral Lunge', 2, 'Engage your core by drawing your belly button towards your spine. This will help to stabilize your body. Hold a dumbbell in a goblet position. Take a large step to the side with your right foot, planting it firmly on the ground. As you step, bend your right knee and lower your hips until your right thigh is parallel to the ground. Your left leg should remain straight. Push through your right heel to return to the starting position. Repeat on the opposite side by stepping out with your left foot. ', '');
INSERT INTO muscle_groups_in_exercises (exerciseID, muscleID) VALUES (176, 3);
INSERT INTO equipment_in_exercises (exerciseID, equipmentID) VALUES (176, 2);
INSERT INTO exercises (name, difficulty, tips, link) VALUES ('Dumbbell Goblet Reverse Lunge', 0, 'Hold a dumbbell in a goblet position. Take a big step backwards with your left leg, lowering your body until your left thigh is parallel to the ground and your right knee is bent at a 90-degree angle. Push through your right heel to return to standing, bringing your left leg back to starting position. Repeat the movement on the other side, stepping backwards with your right leg and lowering your body until your right thigh is parallel to the ground and your left knee is bent at a 90-degree angle. ', '');
INSERT INTO muscle_groups_in_exercises (exerciseID, muscleID) VALUES (177, 3);
INSERT INTO equipment_in_exercises (exerciseID, equipmentID) VALUES (177, 2);
INSERT INTO exercises (name, difficulty, tips, link) VALUES ('Dumbbell Goblet Split Squat', 1, 'Hold a dumbbell in a goblet position. Take a large step forward with one leg, and lower your body until your back knee nearly touches the ground. Your front knee should be bent at a 90-degree angle, and your back leg should be straight. Push through the heel of your front foot to raise your body back to the starting position. ', '');
INSERT INTO muscle_groups_in_exercises (exerciseID, muscleID) VALUES (178, 3);
INSERT INTO equipment_in_exercises (exerciseID, equipmentID) VALUES (178, 2);
INSERT INTO exercises (name, difficulty, tips, link) VALUES ('Dumbbell Lateral Lunge Reach', 1, 'Engage your core by drawing your belly button towards your spine. This will help to stabilize your body. Hold a dumbbell in a goblet position. Take a large step to the side with your right foot and reach toward the floor with your single dumbbell. As you step, bend your right knee and lower your hips until your right thigh is parallel to the ground. Your left leg should remain straight. Push through your right heel to return to the starting position. Repeat on the opposite side by stepping out with your left foot. ', '');
INSERT INTO muscle_groups_in_exercises (exerciseID, muscleID) VALUES (179, 3);
INSERT INTO equipment_in_exercises (exerciseID, equipmentID) VALUES (179, 2);
INSERT INTO exercises (name, difficulty, tips, link) VALUES ('Dumbbell Reverse Lunge', 0, 'Hold two dumbbells by your side. Take a big step backwards with your left leg, lowering your body until your left thigh is parallel to the ground and your right knee is bent at a 90-degree angle. Push through your right heel to return to standing, bringing your left leg back to starting position. Repeat the movement on the other side, stepping backwards with your right leg and lowering your body until your right thigh is parallel to the ground and your left knee is bent at a 90-degree angle. ', '');
INSERT INTO muscle_groups_in_exercises (exerciseID, muscleID) VALUES (180, 3);
INSERT INTO equipment_in_exercises (exerciseID, equipmentID) VALUES (180, 2);
INSERT INTO exercises (name, difficulty, tips, link) VALUES ('Dumbbell Split Squat', 0, 'Hold a dumbbell in a goblet position. Take a large step forward with one leg, and lower your body until your back knee nearly touches the ground. Your front knee should be bent at a 90-degree angle, and your back leg should be straight. Push through the heel of your front foot to raise your body back to the starting position. ', '');
INSERT INTO muscle_groups_in_exercises (exerciseID, muscleID) VALUES (181, 3);
INSERT INTO equipment_in_exercises (exerciseID, equipmentID) VALUES (181, 2);
INSERT INTO exercises (name, difficulty, tips, link) VALUES ('Dumbbell Front Rack Pause Squat', 2, 'Place two dumbbells on your shoulders and make sure you force your elbows upward. Push your hips back and break at the knees. When you reach parallel (hamstrings parallel with the ground) pause for 1-3 seconds. Then push through your heels back to the starting position. ', '');
INSERT INTO muscle_groups_in_exercises (exerciseID, muscleID) VALUES (182, 3);
INSERT INTO equipment_in_exercises (exerciseID, equipmentID) VALUES (182, 2);
INSERT INTO exercises (name, difficulty, tips, link) VALUES ('Dumbbell Front Rack Squat', 1, 'Place two dumbbells on your shoulders and push your elbows upward. Push your hips back and break at the knees. Hit parallel depth and then drive through your heels back to the starting position. ', '');
INSERT INTO muscle_groups_in_exercises (exerciseID, muscleID) VALUES (183, 3);
INSERT INTO equipment_in_exercises (exerciseID, equipmentID) VALUES (183, 2);
INSERT INTO exercises (name, difficulty, tips, link) VALUES ('Dumbbell Goblet Pulse Squat', 0, 'Hold a dumbbell in goblet position. Squat down to parallel depth and then halfway back up. Stay in this short range of motion for the duration of the set. ', '');
INSERT INTO muscle_groups_in_exercises (exerciseID, muscleID) VALUES (184, 3);
INSERT INTO equipment_in_exercises (exerciseID, equipmentID) VALUES (184, 2);
INSERT INTO exercises (name, difficulty, tips, link) VALUES ('Dumbbell Heels Up Goblet Squat', 0, 'Take a half kneeling stance. The dumbbell should start over your knee that is up. Rotate at the spine and point the dumbbell to the opposing side. ', '');
INSERT INTO muscle_groups_in_exercises (exerciseID, muscleID) VALUES (185, 3);
INSERT INTO equipment_in_exercises (exerciseID, equipmentID) VALUES (185, 2);
INSERT INTO exercises (name, difficulty, tips, link) VALUES ('Dumbbell Heels Up Narrow Goblet Squat', 2, 'Stand with your feet on a plate. Your feet should be very close to one another, but not touching. Begin your squat by pushing your hips back and breaking at the knees. Try to keep your chest tall while squatting. ', '');
INSERT INTO muscle_groups_in_exercises (exerciseID, muscleID) VALUES (186, 3);
INSERT INTO equipment_in_exercises (exerciseID, equipmentID) VALUES (186, 2);
INSERT INTO exercises (name, difficulty, tips, link) VALUES ('Dumbbell Leg Extension', 0, 'Place a dumbbell between your feet. Lean back slightly and hold on to the bench. Extend your knees until you feel your quads contract hard. ', '');
INSERT INTO muscle_groups_in_exercises (exerciseID, muscleID) VALUES (187, 3);
INSERT INTO equipment_in_exercises (exerciseID, equipmentID) VALUES (187, 2);
INSERT INTO exercises (name, difficulty, tips, link) VALUES ('Dumbbell Offset Squat', 1, 'Hold a dumbbell over one shoulder. Initiate the squat by pushing your hips back. Avoid doing any twisting. Try to keep your shoulders even. ', '');
INSERT INTO muscle_groups_in_exercises (exerciseID, muscleID) VALUES (188, 3);
INSERT INTO equipment_in_exercises (exerciseID, equipmentID) VALUES (188, 2);
INSERT INTO exercises (name, difficulty, tips, link) VALUES ('Dumbbell Sumo Squat', 0, 'Start by standing with your feet wider than shoulder-width apart and holding a dumbbell in each hand. Place the dumbbells on the ground between your feet. From this starting position, bend your knees and lower your body down into a squat. Make sure to keep your core engaged and your back straight throughout the movement. ', '');
INSERT INTO muscle_groups_in_exercises (exerciseID, muscleID) VALUES (189, 3);
INSERT INTO equipment_in_exercises (exerciseID, equipmentID) VALUES (189, 2);
INSERT INTO exercises (name, difficulty, tips, link) VALUES ('Dumbbell Thruster', 1, 'Start by standing with your feet shoulder-width apart and holding a dumbbell in each hand. Bring the dumbbells to your shoulders, with your palms facing inward and your elbows bent. From this starting position, dip your knees slightly and then quickly extend them as you press the dumbbells upwards. As you press the dumbbells upwards, also push your hips forward to help generate additional power. Slowly lower the dumbbells back down to the starting position, and repeat for the desired number of repetitions. ', '');
INSERT INTO muscle_groups_in_exercises (exerciseID, muscleID) VALUES (190, 3);
INSERT INTO equipment_in_exercises (exerciseID, equipmentID) VALUES (190, 2);
INSERT INTO exercises (name, difficulty, tips, link) VALUES ('Plate Squat', 1, 'Stand with feet shoulder-width apart and hold a weight plate in front of your chest with both hands. Keep your back straight, lower your body as if you were sitting back into a chair. Go as low as you can while keeping your heels flat on the ground, then push through your heels to return to the starting position. ', '');
INSERT INTO muscle_groups_in_exercises (exerciseID, muscleID) VALUES (191, 3);
INSERT INTO equipment_in_exercises (exerciseID, equipmentID) VALUES (191, 7);
INSERT INTO exercises (name, difficulty, tips, link) VALUES ('Plate Squat Reach', 2, 'Stand holding a weight plate at chest height with both hands. Lower into a squat, extending the plate in front of you at chest height As you stand back up, pull the plate back into your chest. ', '');
INSERT INTO muscle_groups_in_exercises (exerciseID, muscleID) VALUES (192, 3);
INSERT INTO equipment_in_exercises (exerciseID, equipmentID) VALUES (192, 7);
INSERT INTO exercises (name, difficulty, tips, link) VALUES ('Plate Curtsy Lunge', 1, 'Stand with feet shoulder-width apart and the plate in front of the torso. Step back and across the body with the right foot, bending both legs to lower into a lunge position. Push through the front foot to return to the starting position. Repeat on the other side by stepping back and across with the left foot. Continue alternating sides for desired reps. ', '');
INSERT INTO muscle_groups_in_exercises (exerciseID, muscleID) VALUES (193, 3);
INSERT INTO equipment_in_exercises (exerciseID, equipmentID) VALUES (193, 7);
INSERT INTO exercises (name, difficulty, tips, link) VALUES ('Plate Lateral Lunge', 0, 'Stand with feet hip-width apart and the plate held in front of the torso. Take a step to the side with one foot, bending the knee and lowering the hips into a lunge. Push through the front foot to return to the starting position. Repeat on the other side by stepping to the other side with the other foot. ', '');
INSERT INTO muscle_groups_in_exercises (exerciseID, muscleID) VALUES (194, 3);
INSERT INTO equipment_in_exercises (exerciseID, equipmentID) VALUES (194, 7);
INSERT INTO exercises (name, difficulty, tips, link) VALUES ('Plate Forward Lunge', 0, 'Stand with feet hip-width apart and the plate held in front of the torso. Take a step forward with one foot, bending the front knee to lower the hips into a lunge. Push through the front foot to return to the starting position. Repeat on the other side by stepping forward with the other foot. ', '');
INSERT INTO muscle_groups_in_exercises (exerciseID, muscleID) VALUES (195, 3);
INSERT INTO equipment_in_exercises (exerciseID, equipmentID) VALUES (195, 7);
INSERT INTO exercises (name, difficulty, tips, link) VALUES ('Plate Reverse Lunge Twist', 1, 'Step back with your right foot into a lunge position, both knees bent at 90 degrees. Twist your torso to the right, keeping the plate close to your chest. Push through your front foot to return to the starting position and repeat on the other side. ', '');
INSERT INTO muscle_groups_in_exercises (exerciseID, muscleID) VALUES (196, 3);
INSERT INTO equipment_in_exercises (exerciseID, equipmentID) VALUES (196, 7);
INSERT INTO exercises (name, difficulty, tips, link) VALUES ('Plate Reverse Lunge', 0, 'Hold the plate at chest height close to your body Take a big step backwards with your left leg, lowering your body until your left thigh is parallel to the ground and your right knee is bent at a 90-degree angle. Push through your right heel to return to standing, bringing your left leg back to starting position. Repeat the movement on the other side, stepping backwards with your right leg and lowering your body until your right thigh is parallel to the ground and your left knee is bent at a 90-degree angle. ', '');
INSERT INTO muscle_groups_in_exercises (exerciseID, muscleID) VALUES (197, 3);
INSERT INTO equipment_in_exercises (exerciseID, equipmentID) VALUES (197, 7);
INSERT INTO exercises (name, difficulty, tips, link) VALUES ('Band Leg Extension', 0, 'Anchor a band to something stable and set up a bench. Run through the band underneath the bench and loop around your feet. Flex and extend your knees. ', '');
INSERT INTO muscle_groups_in_exercises (exerciseID, muscleID) VALUES (198, 3);
INSERT INTO equipment_in_exercises (exerciseID, equipmentID) VALUES (198, 6);
INSERT INTO exercises (name, difficulty, tips, link) VALUES ('Plate Overhead Squat', 1, 'Hold a weight plate at arm''s length overhead, with your arms fully extended. The plate should be directly above your head and your elbows should be locked. Begin to bend your knees, lowering your body as far as you can while keeping the weight plate overhead. Make sure to keep your back straight and your chest lifted. Once your thighs are parallel to the ground or as low as you can go, pause for a moment. Push through your heels to return to a standing position, keeping the weight plate overhead the entire time. ', '');
INSERT INTO muscle_groups_in_exercises (exerciseID, muscleID) VALUES (199, 3);
INSERT INTO equipment_in_exercises (exerciseID, equipmentID) VALUES (199, 7);
INSERT INTO exercises (name, difficulty, tips, link) VALUES ('Plate Deficit Lunge', 2, 'Stand on a plate with both feet. Step back with one foot to the floor and let your back knee get close to or tap the floor. Push through your front leg until both feet are back on the plate. ', '');
INSERT INTO muscle_groups_in_exercises (exerciseID, muscleID) VALUES (200, 3);
INSERT INTO equipment_in_exercises (exerciseID, equipmentID) VALUES (200, 7);
INSERT INTO exercises (name, difficulty, tips, link) VALUES ('Plate Overhead Walking Lunge', 1, 'Stand tall with a plate overhead. Step with one foot forward bringing your back knee to the floor. Gently tap your knee then drive through your front leg. Go back to a standing position and then step forward with the opposing legs. ', '');
INSERT INTO muscle_groups_in_exercises (exerciseID, muscleID) VALUES (201, 3);
INSERT INTO equipment_in_exercises (exerciseID, equipmentID) VALUES (201, 7);
INSERT INTO exercises (name, difficulty, tips, link) VALUES ('Plate Squat Hold', 0, 'Start by standing with your feet shoulder-width apart, with a weight plate held in both hands at chest height. Lower your body by bending your knees and hips, keeping your back straight and your weight in your heels. Go down until your thighs are parallel to the floor, then pause for a moment. Hold the squat position for the desired amount of time, keeping the weight plate steady and your core engaged. ', '');
INSERT INTO muscle_groups_in_exercises (exerciseID, muscleID) VALUES (202, 3);
INSERT INTO equipment_in_exercises (exerciseID, equipmentID) VALUES (202, 7);
INSERT INTO exercises (name, difficulty, tips, link) VALUES ('Plate Thruster', 1, 'Start with the plate at chest height. Begin a squat. Make sure to hit parallel depth. On your way back up, use the momentum you generate with your legs to help push the plate into an overhead position. Let the plate return to chest height before initiating the next squat. ', '');
INSERT INTO muscle_groups_in_exercises (exerciseID, muscleID) VALUES (203, 3);
INSERT INTO equipment_in_exercises (exerciseID, equipmentID) VALUES (203, 7);
INSERT INTO exercises (name, difficulty, tips, link) VALUES ('Dumbbell Overhead Squat', 2, 'Stand with your feet slightly wider than shoulder-width apart and hold two dumbbells overhead with both hands, using an overhand grip. Begin the squat by bending at the hips and knees, keeping your core tight and the dumbbells balanced overhead. Lower your body as far as you can while keeping the dumbbells overhead, then push back up to the starting position. Repeat for the desired number of repetitions, making sure to keep your back straight, chest lifted, and the dumbbells stable overhead throughout the entire movement. ', '');
INSERT INTO muscle_groups_in_exercises (exerciseID, muscleID) VALUES (204, 3);
INSERT INTO equipment_in_exercises (exerciseID, equipmentID) VALUES (204, 2);
INSERT INTO exercises (name, difficulty, tips, link) VALUES ('Single Arm Overhead Squat', 2, 'Stand with your feet shoulder-width apart and a dumbbell in your right hand, extending it overhead. Inhale and begin to squat down, keeping the dumbbell overhead and your back straight. Go down as far as you can while still maintaining control, then exhale and return to standing position, keeping the dumbbell overhead. Repeat for desired reps and then switch to the other arm. ', '');
INSERT INTO muscle_groups_in_exercises (exerciseID, muscleID) VALUES (205, 3);
INSERT INTO equipment_in_exercises (exerciseID, equipmentID) VALUES (205, 2);
INSERT INTO exercises (name, difficulty, tips, link) VALUES ('TRX Curtsy Lunge', 1, 'Stand facing away from the anchor point, holding onto the TRX handles with both hands. Step your left foot behind your right, crossing it behind your right leg, and lower yourself into a curtsy lunge. Push through your right foot to return to the starting position and repeat the movement with the other leg. ', '');
INSERT INTO muscle_groups_in_exercises (exerciseID, muscleID) VALUES (206, 3);
INSERT INTO equipment_in_exercises (exerciseID, equipmentID) VALUES (206, 8);
INSERT INTO exercises (name, difficulty, tips, link) VALUES ('TRX Jumping Squat', 1, 'Stand facing the TRX straps and place your feet shoulder-width apart. Begin by lowering into a squat position by bending at the knees and hips, keeping your back straight and chest up. Explosively jump up off the ground, using your arms for momentum if desired. Land softly back in the squat position, making sure to absorb the impact with your legs. ', '');
INSERT INTO muscle_groups_in_exercises (exerciseID, muscleID) VALUES (207, 3);
INSERT INTO equipment_in_exercises (exerciseID, equipmentID) VALUES (207, 8);
INSERT INTO exercises (name, difficulty, tips, link) VALUES ('TRX Lateral Lunge', 1, 'Grasp the TRX handles with both hands and extend your arms straight in front of you. Step laterally to one side, keeping your arms extended and your core engaged. Lower your body into a lunge position, keeping your front knee bent at a 90-degree angle and your back leg straight. Push off your front foot to return to the starting position, keeping your arms extended and your core engaged. ', '');
INSERT INTO muscle_groups_in_exercises (exerciseID, muscleID) VALUES (208, 3);
INSERT INTO equipment_in_exercises (exerciseID, equipmentID) VALUES (208, 8);
INSERT INTO exercises (name, difficulty, tips, link) VALUES ('TRX Reverse Lunge', 0, 'Hold on to the TRX straps and step away until the strap is taut. Step backwards with one leg in to a lunge position and gently tap your knee to the floor. Lunge back to the starting position and repeat with the other leg. ', '');
INSERT INTO muscle_groups_in_exercises (exerciseID, muscleID) VALUES (209, 3);
INSERT INTO equipment_in_exercises (exerciseID, equipmentID) VALUES (209, 8);
INSERT INTO exercises (name, difficulty, tips, link) VALUES ('TRX Split Squat', 0, 'Hold the two TRX straps and step away until the straps are taut. Take a split stance. Bring your back knee to the floor and gently tap the floor. Use your arms and the TRX to help assist you getting back into the starting position. ', '');
INSERT INTO muscle_groups_in_exercises (exerciseID, muscleID) VALUES (210, 3);
INSERT INTO equipment_in_exercises (exerciseID, equipmentID) VALUES (210, 8);
INSERT INTO exercises (name, difficulty, tips, link) VALUES ('TRX Squat', 0, 'Hold the two TRX straps and lean away from the anchor point. Flex at the hips and knees in to a squat position. You can use your arms and the straps to assist you back into the starting position. ', '');
INSERT INTO muscle_groups_in_exercises (exerciseID, muscleID) VALUES (211, 3);
INSERT INTO equipment_in_exercises (exerciseID, equipmentID) VALUES (211, 8);
INSERT INTO exercises (name, difficulty, tips, link) VALUES ('Dumbbell Glute Bridge', 0, 'Lay flat on the ground with both feet planted. Make sure you keep your heels glued to the floor. Place the dumbbell on your hips. Push your hips toward the ceiling until you feel your glutes contract. Then return to the floor. ', 'https://youtu.be/cKPrxwAS3aU');
INSERT INTO muscle_groups_in_exercises (exerciseID, muscleID) VALUES (212, 3);
INSERT INTO equipment_in_exercises (exerciseID, equipmentID) VALUES (212, 2);
INSERT INTO exercises (name, difficulty, tips, link) VALUES ('Barbell Sumo Deadlift', 1, 'Stance width can vary with a sumo DL. Some prefer toes near the plates. Others prefer a more narrow stance to get more drive off the floor. Make sure your arms are inside your legs. The bar should be just over your mid-foot. Flatten your back and push your heels into the floor. Try to extend your knees and hips simultaneously. ', 'https://youtu.be/6vBHlIcyeoI');
INSERT INTO muscle_groups_in_exercises (exerciseID, muscleID) VALUES (213, 3);
INSERT INTO equipment_in_exercises (exerciseID, equipmentID) VALUES (213, 1);
INSERT INTO muscle_groups_in_exercises (exerciseID, muscleID) VALUES (105, 3);
INSERT INTO exercises (name, difficulty, tips, link) VALUES ('Plate Squat Hold Reach', 1, 'Hold the plate with both hands at chest height. Keeping your core tight and your chest up, squat down as low as you can go while keeping your feet flat on the ground. Hold the squat position and reach the plate forward, keeping your arms straight and your back straight. Return the plate to your chest while you hold the squat position and repeat reaching the plate in front of you ', '');
INSERT INTO muscle_groups_in_exercises (exerciseID, muscleID) VALUES (214, 3);
INSERT INTO equipment_in_exercises (exerciseID, equipmentID) VALUES (214, 7);
INSERT INTO muscle_groups_in_exercises (exerciseID, muscleID) VALUES (32, 3);
INSERT INTO exercises (name, difficulty, tips, link) VALUES ('Plate Single Leg Deadlift', 2, 'Engage your core and straighten your legs to lift the plate off the ground. Stand on one leg, keeping the other leg off the ground, while holding the plate in front of your body. Keep your back straight and maintain a neutral head position while looking straight ahead. Lower the plate back down to the ground while keeping your balance on one leg. ', '');
INSERT INTO muscle_groups_in_exercises (exerciseID, muscleID) VALUES (215, 3);
INSERT INTO equipment_in_exercises (exerciseID, equipmentID) VALUES (215, 7);
INSERT INTO muscle_groups (name) VALUES ('Traps');
INSERT INTO exercises (name, difficulty, tips, link) VALUES ('Dumbbell Seated Shrug', 0, 'Sit on a bench with dumbbells in both hands, palms facing your body, back straight. Elevate your shoulders and hold the contracted position at the apex of the motion. Slowly lower your shoulders back to starting position. ', 'https://youtu.be/sgcOZ3wcWmI');
INSERT INTO muscle_groups_in_exercises (exerciseID, muscleID) VALUES (216, 4);
INSERT INTO equipment_in_exercises (exerciseID, equipmentID) VALUES (216, 2);
INSERT INTO exercises (name, difficulty, tips, link) VALUES ('Smith Machine Standing Shrugs', 0, 'Place the bar on a lower rung so that when gripped your arms are fully extended and your back is straight. Grip at shoulder width, raise the bar with your shoulders and pause at the contracted position. Slowly lower the bar back to starting position. ', 'https://www.youtube.com/watch?v=137KPCKrG88%7C');
INSERT INTO muscle_groups_in_exercises (exerciseID, muscleID) VALUES (217, 4);
INSERT INTO equipment_in_exercises (exerciseID, equipmentID) VALUES (217, 10);
INSERT INTO exercises (name, difficulty, tips, link) VALUES ('Kettlebell Shrug', 0, 'Standing up straight with feet shoulder width apart. Holding the kettlebell in both hands in front of your pelvis, engage your shoulder blades, as if you are trying to touch them together. Release the shrug and repeat ', 'https://youtu.be/AcNFS2yHlvs');
INSERT INTO muscle_groups_in_exercises (exerciseID, muscleID) VALUES (218, 4);
INSERT INTO equipment_in_exercises (exerciseID, equipmentID) VALUES (218, 3);
INSERT INTO exercises (name, difficulty, tips, link) VALUES ('Kettlebell Upright Row', 0, 'Stand with your feet shoulder width apart holding the kettlebell with both hands in front of your thighs. Bend forward at the hips bringing the kettlebell to the floor while you slightly bend your knees, keeping your back straight. Lift the kettlebell upwards towards your chest and lower - repeat. ', 'https://youtu.be/Xd-O1lQ_dcE');
INSERT INTO muscle_groups_in_exercises (exerciseID, muscleID) VALUES (219, 4);
INSERT INTO equipment_in_exercises (exerciseID, equipmentID) VALUES (219, 3);
INSERT INTO exercises (name, difficulty, tips, link) VALUES ('Kettlebell Silverback Shrug', 1, 'Stand with your feet shoulder width apart holding the kettlebell with both hands in front of your thighs. Bend forward at the hips bringing the kettlebell to the floor while you slightly bend your knees, keeping your back straight. Holding the kettlebell in both hands engage your shoulder blades, as if you are trying to touch them together. Release the shrug. ', 'https://youtu.be/Y6Qx_e7IZ7g');
INSERT INTO muscle_groups_in_exercises (exerciseID, muscleID) VALUES (220, 4);
INSERT INTO equipment_in_exercises (exerciseID, equipmentID) VALUES (220, 3);
INSERT INTO exercises (name, difficulty, tips, link) VALUES ('Traps Stretch Variation Three', 0, 'Stand upright with your feet shoulder width apart. Nod your head forward, bringing your chin to your chest. You will feel the stretch across your neck. ', 'https://youtu.be/dNJo39Dd8xs');
INSERT INTO muscle_groups_in_exercises (exerciseID, muscleID) VALUES (221, 4);
INSERT INTO equipment_in_exercises (exerciseID, equipmentID) VALUES (221, 4);
INSERT INTO exercises (name, difficulty, tips, link) VALUES ('Traps Stretch Variation Two', 0, 'Keeping your chest facing forward, turn your head 90 degrees to the left. Then return to centre point. Stand upright with your feet shoulder width apart. Repeat, turning your head in the other direction. ', 'https://youtu.be/mUQu23oL6ew');
INSERT INTO muscle_groups_in_exercises (exerciseID, muscleID) VALUES (222, 4);
INSERT INTO equipment_in_exercises (exerciseID, equipmentID) VALUES (222, 4);
INSERT INTO exercises (name, difficulty, tips, link) VALUES ('Traps Stretch Variation One', 0, 'Stand upright with your feet shoulder width apart. Place your left hand on your head and gently pull your head down towards your left shoulder. Then return to centre point. Repeat, using your right hand pulling towards your right shoulder. ', 'https://youtu.be/A9-OQjF3KwY');
INSERT INTO muscle_groups_in_exercises (exerciseID, muscleID) VALUES (223, 4);
INSERT INTO equipment_in_exercises (exerciseID, equipmentID) VALUES (223, 4);
INSERT INTO exercises (name, difficulty, tips, link) VALUES ('Elevated Pike Shoulder Shrug', 0, 'Use a bench or an object like a chair to elevate your feet. Slowly lower your body (scapula) while keeping your elbows locked (this is key) Slowly raise your body back to the start position. ', 'https://youtu.be/cCAJ4yTOUok');
INSERT INTO muscle_groups_in_exercises (exerciseID, muscleID) VALUES (224, 4);
INSERT INTO equipment_in_exercises (exerciseID, equipmentID) VALUES (224, 9);
INSERT INTO exercises (name, difficulty, tips, link) VALUES ('Barbell Silverback Shrug', 1, 'Stand with your feet shoulder width apart holding the Barbell with both hands in front just past shoulder width. Bend forward at the hips with a slight bend in your knees, keeping your back straight. Engage your shoulder blades, as if you are trying to touch them together. Release the shrug. ', 'https://youtu.be/3ZUh-GiRDjM');
INSERT INTO muscle_groups_in_exercises (exerciseID, muscleID) VALUES (225, 4);
INSERT INTO equipment_in_exercises (exerciseID, equipmentID) VALUES (225, 1);
INSERT INTO exercises (name, difficulty, tips, link) VALUES ('Cable 30 Degree Shrug', 0, 'Use a handle attachment on both sides of crossover. With cable attachment set all the way to the bottom. Grab both handles and make sure you are centered in the machine. Let your arms hang freely. Pull your shoulder blades up and in towards your ears. Let your shoulder blades depress back to the starting position. ', 'https://youtu.be/d0WZOK63wHw');
INSERT INTO muscle_groups_in_exercises (exerciseID, muscleID) VALUES (226, 4);
INSERT INTO equipment_in_exercises (exerciseID, equipmentID) VALUES (226, 5);
INSERT INTO exercises (name, difficulty, tips, link) VALUES ('Band Shrug', 0, 'Place the band under your feet. Stand upright. Elevate your shoulder blades and then depress back to the starting position. ', 'https://youtu.be/vsP1psAf7wc');
INSERT INTO muscle_groups_in_exercises (exerciseID, muscleID) VALUES (227, 4);
INSERT INTO equipment_in_exercises (exerciseID, equipmentID) VALUES (227, 6);
INSERT INTO exercises (name, difficulty, tips, link) VALUES ('Dumbbell Shrug', 0, 'Stand tall with two dumbbells. Pull your shoulder blades up. Give a one second squeeze at the top. ', 'https://youtu.be/uaCgj4Wpa2Y');
INSERT INTO muscle_groups_in_exercises (exerciseID, muscleID) VALUES (228, 4);
INSERT INTO equipment_in_exercises (exerciseID, equipmentID) VALUES (228, 2);
INSERT INTO exercises (name, difficulty, tips, link) VALUES ('Barbell Shrug', 0, 'Start by standing with your feet about hip-width apart, with a barbell in front of you. Bend down and grab the barbell with an overhand grip, your hands slightly wider than shoulder-width apart. Keep your back straight and your shoulders down as you grip the bar. Stand up straight, lifting the barbell off the ground and pulling it toward your hips. Keep your elbows close to your body and your shoulders down as you do this. Once the barbell is at your hips, raise your shoulders as high as you can, holding the position for a moment. ', '');
INSERT INTO muscle_groups_in_exercises (exerciseID, muscleID) VALUES (229, 4);
INSERT INTO equipment_in_exercises (exerciseID, equipmentID) VALUES (229, 1);
INSERT INTO exercises (name, difficulty, tips, link) VALUES ('Dumbbell Laying 30 Degree Shrug', 1, 'Lay sideways on a bench letting your arm hang freely. Pull your shoulder blade and joint toward the ceiling. ', '');
INSERT INTO muscle_groups_in_exercises (exerciseID, muscleID) VALUES (230, 4);
INSERT INTO equipment_in_exercises (exerciseID, equipmentID) VALUES (230, 2);
INSERT INTO exercises (name, difficulty, tips, link) VALUES ('Plate Overhead Carry', 0, 'Start by standing upright with your feet shoulder-width apart. Hold a single weight plate overhead with both hands, keeping your arms extended straight above your head. Begin walking forward, taking slow and steady steps while maintaining a straight line. Your focus should be on maintaining balance and control of the weight plate overhead. As you walk, continue to keep your arms extended and the weight plate overhead. Try to maintain good posture and avoid leaning forward or backward, as this could result in losing control of the weight plate. Continue walking for a set distance or for a certain amount of time, keeping your focus on proper form and technique. When finished, return to the starting position and repeat as desired. ', '');
INSERT INTO muscle_groups_in_exercises (exerciseID, muscleID) VALUES (231, 4);
INSERT INTO equipment_in_exercises (exerciseID, equipmentID) VALUES (231, 7);
INSERT INTO exercises (name, difficulty, tips, link) VALUES ('Plate Overhead Shrug', 2, 'Stand tall with a weight plate overhead. Elevated and depress your scapula. Avoid leaning forward or backwards to keep pressure off of your lumbar spine. ', '');
INSERT INTO muscle_groups_in_exercises (exerciseID, muscleID) VALUES (232, 4);
INSERT INTO equipment_in_exercises (exerciseID, equipmentID) VALUES (232, 7);
INSERT INTO exercises (name, difficulty, tips, link) VALUES ('Kettlebell Incline Shrug', 1, 'Leaning across the back section of the bench, with feet firmly on the floor and with arms hanging to the sides. Holding the kettlebell in both hands engage your shoulder blades, as if you are trying to touch them together. Release the shrug. ', 'https://youtu.be/S45vwb81lpM');
INSERT INTO muscle_groups_in_exercises (exerciseID, muscleID) VALUES (233, 4);
INSERT INTO equipment_in_exercises (exerciseID, equipmentID) VALUES (233, 3);
INSERT INTO exercises (name, difficulty, tips, link) VALUES ('Elevated Pike Press', 1, 'Use a bench or an object to elevate your feet. Lower your head towards the floor by bending your elbows Push through your hands and return to the starting pike position. Repeat ', 'https://youtu.be/xxWbfDg9oS0');
INSERT INTO muscle_groups_in_exercises (exerciseID, muscleID) VALUES (234, 4);
INSERT INTO equipment_in_exercises (exerciseID, equipmentID) VALUES (234, 9);
INSERT INTO exercises (name, difficulty, tips, link) VALUES ('Cable Upright Row', 2, 'Use a handle attachment with the cable set to the bottom of the machine. Pull your elbows straight up toward the ceiling until the attachment is just below your chin then extend until your elbows are fully extended. ', 'https://youtu.be/Wp9xxnBJ8cE');
INSERT INTO muscle_groups_in_exercises (exerciseID, muscleID) VALUES (235, 4);
INSERT INTO equipment_in_exercises (exerciseID, equipmentID) VALUES (235, 5);
INSERT INTO exercises (name, difficulty, tips, link) VALUES ('Cable Silverback Shrug', 0, 'Use a bar attachment. Cable should be set all the way to the bottom. Stand up with the attachment in hand, walk a couple of steps back make sure you are standing upright and not leaning backwards. Retract your shoulder blades and then protract to return to the starting position. ', 'https://youtu.be/HTMn1NP3GgQ');
INSERT INTO muscle_groups_in_exercises (exerciseID, muscleID) VALUES (236, 4);
INSERT INTO equipment_in_exercises (exerciseID, equipmentID) VALUES (236, 5);
INSERT INTO exercises (name, difficulty, tips, link) VALUES ('Band Horizontal Shrug', 2, 'Anchor the band at shoulder height. Take a few steps away until the band is taut. Retract your shoulder blades straight back in schools. Then protract to the starting position. ', 'https://youtu.be/mshW1_DPPig');
INSERT INTO muscle_groups_in_exercises (exerciseID, muscleID) VALUES (237, 4);
INSERT INTO equipment_in_exercises (exerciseID, equipmentID) VALUES (237, 6);
INSERT INTO exercises (name, difficulty, tips, link) VALUES ('Band Single Arm Overhead Press', 1, 'Loop the band under one of your feet. The other end of the bed should be in your hand between your thumb and pointer finger. Press the band straight up towards the ceiling. Until your elbow is fully extended. ', 'https://youtu.be/9tR_KiX5h9E');
INSERT INTO muscle_groups_in_exercises (exerciseID, muscleID) VALUES (238, 4);
INSERT INTO equipment_in_exercises (exerciseID, equipmentID) VALUES (238, 6);
INSERT INTO exercises (name, difficulty, tips, link) VALUES ('Barbell Upright Row', 2, 'Take a double overhand roughly shoulder width grip. Pull your elbows straight up the ceiling. Aim to get the bar to chin level or slightly higher. ', 'https://youtu.be/Dt8mk0StgrM');
INSERT INTO muscle_groups_in_exercises (exerciseID, muscleID) VALUES (239, 4);
INSERT INTO equipment_in_exercises (exerciseID, equipmentID) VALUES (239, 1);
INSERT INTO exercises (name, difficulty, tips, link) VALUES ('Barbell Z Press', 2, 'Begin by sitting on the ground with your legs extended and a barbell in your hands, with your palms facing forward and your elbows bent. Keeping your core engaged and your back straight, lift the barbell up from your chest and press it straight up above your head. Lower the barbell back down to your chest. ', '');
INSERT INTO muscle_groups_in_exercises (exerciseID, muscleID) VALUES (240, 4);
INSERT INTO equipment_in_exercises (exerciseID, equipmentID) VALUES (240, 1);
INSERT INTO exercises (name, difficulty, tips, link) VALUES ('Dumbbell Laying Silverback Shrug', 1, 'Lay on an incline bench with your arms hanging freely. Pull your shoulder blades back toward the ceiling. ', '');
INSERT INTO muscle_groups_in_exercises (exerciseID, muscleID) VALUES (241, 4);
INSERT INTO equipment_in_exercises (exerciseID, equipmentID) VALUES (241, 2);
INSERT INTO exercises (name, difficulty, tips, link) VALUES ('Dumbbell Silverback Shrug', 0, 'Hinge forward slightly at the hips. Make sure to keep a flat back. Let your arms hang in front of you. Let your scapula protract, and then retract them. Imagine you have a pencil in your mid-back and squeeze it between your shoulder blades. ', 'https://youtu.be/daNWLJzDyKw');
INSERT INTO muscle_groups_in_exercises (exerciseID, muscleID) VALUES (242, 4);
INSERT INTO equipment_in_exercises (exerciseID, equipmentID) VALUES (242, 2);
INSERT INTO exercises (name, difficulty, tips, link) VALUES ('TRX Y Raise', 0, 'Hold the TRX straps and lean away from the anchor point until the straps are taut. Keep both elbows mostly extended and raise both arms out and upwards. You should make a Y shape with your arms during the back portion of the exercise. ', '');
INSERT INTO muscle_groups_in_exercises (exerciseID, muscleID) VALUES (243, 4);
INSERT INTO equipment_in_exercises (exerciseID, equipmentID) VALUES (243, 8);
INSERT INTO muscle_groups (name) VALUES ('Triceps');
INSERT INTO exercises (name, difficulty, tips, link) VALUES ('Dips narrow elbows', 2, 'Hold your body at arms length above the equipment Inhale and slowly lower yourself downward. Keep your elbows close to your body and your torso upright. Exhale, and using your triceps raise your body back to the starting position. ', 'https://youtu.be/G4BqAiQ9mHs');
INSERT INTO muscle_groups_in_exercises (exerciseID, muscleID) VALUES (244, 5);
INSERT INTO equipment_in_exercises (exerciseID, equipmentID) VALUES (244, 9);
INSERT INTO exercises (name, difficulty, tips, link) VALUES ('Dumbbell Seated Overhead Tricep Extension', 1, 'Sit on the bench and hold a dumbbell with both hands. Raise the dumbbell overhead at arms length, holding the weight up with the palms of your hands. Keep your elbows in while you lower the weight behind your head, your upper arms stationary. Raise the weight back to starting position. ', 'https://youtu.be/_YIMU_LXA6I');
INSERT INTO muscle_groups_in_exercises (exerciseID, muscleID) VALUES (245, 5);
INSERT INTO equipment_in_exercises (exerciseID, equipmentID) VALUES (245, 2);
INSERT INTO exercises (name, difficulty, tips, link) VALUES ('Machine Cable V Bar Push Downs', 0, 'Grip the pulley bar with palms facing down at shoulder width. Stand straight with a small forward incline. Keep your upper arms close to your body, and slowly bring the pulley bar down until your arms are fully extended. Pause when you are at the contracted position of the motion, then slowly raise the pulley bar back to the starting point. ', 'https://www.youtube.com/watch?v=tEOhbUBIBwE%7C');
INSERT INTO muscle_groups_in_exercises (exerciseID, muscleID) VALUES (246, 5);
INSERT INTO equipment_in_exercises (exerciseID, equipmentID) VALUES (246, 10);
INSERT INTO exercises (name, difficulty, tips, link) VALUES ('Bench Dips', 0, 'Grip the edge of the bench with your hands, Keep your feet together and legs straight. Lower your body straight down. Slowly press back up to the starting point. TIP: Make this harder by raising your feet off the floor and adding weight. ', 'https://www.youtube.com/watch?v=Z2c02dbshBA%7C');
INSERT INTO muscle_groups_in_exercises (exerciseID, muscleID) VALUES (247, 5);
INSERT INTO equipment_in_exercises (exerciseID, equipmentID) VALUES (247, 9);
INSERT INTO exercises (name, difficulty, tips, link) VALUES ('Barbell Laying Triceps Extensions', 1, 'Lay on a flat bench while holding a barbell with a shoulder-width grip. Fully extend your elbows until the barbell is directly over your chest. Begin to flex your elbows and allow the barbell to nearly touch your forehead. Extend your elbows back to the starting position and repeat. ', 'https://youtu.be/hacqeEQXsoo');
INSERT INTO muscle_groups_in_exercises (exerciseID, muscleID) VALUES (248, 5);
INSERT INTO equipment_in_exercises (exerciseID, equipmentID) VALUES (248, 1);
INSERT INTO exercises (name, difficulty, tips, link) VALUES ('Kettlebell Skull Crusher', 2, 'Lie on your back with knees in the air and soles of your feet flat on the floor. Hold the kettlebell in both hands directly above your chest. Keeping your upper arms in place, bend your elbows to slowly bring the kettlebell in front of your forehead. Return to the starting position and repeat. ', 'https://youtu.be/B3xhPdah-54');
INSERT INTO muscle_groups_in_exercises (exerciseID, muscleID) VALUES (249, 5);
INSERT INTO equipment_in_exercises (exerciseID, equipmentID) VALUES (249, 3);
INSERT INTO exercises (name, difficulty, tips, link) VALUES ('Kettlebell Standing Tricep Extension', 0, 'Stand with legs shoulder width apart. Hold the kettlebell in both hands behind your head. Straighten arms bringing kettlebell above your head. Return to the starting position and repeat. ', 'https://youtu.be/FDIB9zJjcjE');
INSERT INTO muscle_groups_in_exercises (exerciseID, muscleID) VALUES (250, 5);
INSERT INTO equipment_in_exercises (exerciseID, equipmentID) VALUES (250, 3);
INSERT INTO exercises (name, difficulty, tips, link) VALUES ('Kettlebell Decline Skull Crusher', 2, 'Lie on the floor with your upper back and soles of feet on the floor, knees bent, and pelvis and lower back suspended in the air. Hold the kettlebell in both hands directly above your chest. Keeping your upper arms in place, bend your elbows to bring the kettlebell to the floor above your head. Return the kettlebell to the starting position and repeat. ', 'https://youtu.be/wm5OeiTG2lk');
INSERT INTO muscle_groups_in_exercises (exerciseID, muscleID) VALUES (251, 5);
INSERT INTO equipment_in_exercises (exerciseID, equipmentID) VALUES (251, 3);
INSERT INTO exercises (name, difficulty, tips, link) VALUES ('Kettlebell Tate Press', 1, 'Lie flat on your back. Keeping your arm straight, hold the kettlebell above your chest with your palm facing away from your body. Bend your arm, touching the kettlebell to the top of the shoulder opposite to the arm being worked. Return to the starting position and repeat. ', 'https://youtu.be/ADSscOmWwmY');
INSERT INTO muscle_groups_in_exercises (exerciseID, muscleID) VALUES (252, 5);
INSERT INTO equipment_in_exercises (exerciseID, equipmentID) VALUES (252, 3);
INSERT INTO exercises (name, difficulty, tips, link) VALUES ('Triceps Stretch Variation Three', 0, 'Bend your left arm so your hand is at your shoulder, and hold your elbow with the opposite hand. Gently push on your elbow so it is raised by your head. Hold the stretch for a few seconds then repeat with the other arm. ', 'https://youtu.be/50698xNT9uM');
INSERT INTO muscle_groups_in_exercises (exerciseID, muscleID) VALUES (253, 5);
INSERT INTO equipment_in_exercises (exerciseID, equipmentID) VALUES (253, 4);
INSERT INTO exercises (name, difficulty, tips, link) VALUES ('Triceps Stretch Variation Two', 0, 'Hold a band so it is in line with your spine. Hold the top with your right hand and the bottom with your left. Keeping the top still, pull down on the band. Hold the stretch for a few seconds then repeat with the other arm. ', 'https://youtu.be/GM7rO1GgGr0');
INSERT INTO muscle_groups_in_exercises (exerciseID, muscleID) VALUES (254, 5);
INSERT INTO equipment_in_exercises (exerciseID, equipmentID) VALUES (254, 4);
INSERT INTO exercises (name, difficulty, tips, link) VALUES ('Triceps Stretch Variation One', 0, 'Use the opposite hand to gently apply pressure to the elbow. Hold the stretch for a few seconds then repeat with the other arm. Raise your left arm above your head, and bend at the elbow so your hand is resting at the top of your back. ', 'https://youtu.be/UFCLH__899A');
INSERT INTO muscle_groups_in_exercises (exerciseID, muscleID) VALUES (255, 5);
INSERT INTO equipment_in_exercises (exerciseID, equipmentID) VALUES (255, 4);
INSERT INTO exercises (name, difficulty, tips, link) VALUES ('Diamond Push Ups', 0, 'Position your index fingers and thumbs so they are touching, forming a diamond shape Use a standard push up position Lower your chest towards your hands, keep your elbows close to your body Stop just before your chest touches the floor, then push back up to the starting position. ', 'https://youtu.be/NGI2BZGnUuA');
INSERT INTO muscle_groups_in_exercises (exerciseID, muscleID) VALUES (256, 5);
INSERT INTO equipment_in_exercises (exerciseID, equipmentID) VALUES (256, 9);
INSERT INTO exercises (name, difficulty, tips, link) VALUES ('Barbell Close Grip Bench Press', 1, 'Lay flat on the bench with your feet on the ground. With a narrow grip on the bar, straighten your arms Lower the bar to your lower-mid chest Slowly raise the bar until you''ve locked your elbows. ', 'https://youtu.be/b5tEUN9jsGY');
INSERT INTO muscle_groups_in_exercises (exerciseID, muscleID) VALUES (257, 5);
INSERT INTO equipment_in_exercises (exerciseID, equipmentID) VALUES (257, 1);
INSERT INTO exercises (name, difficulty, tips, link) VALUES ('Cable Push Down', 0, 'You can use any attachment for this. The cable should be set all the way at the top of the machine. Make sure to keep your upper arm glued at your side. Extend your elbows until you feel your triceps contract. ', 'https://youtu.be/qOs9DDWkmxU');
INSERT INTO muscle_groups_in_exercises (exerciseID, muscleID) VALUES (258, 5);
INSERT INTO equipment_in_exercises (exerciseID, equipmentID) VALUES (258, 5);
INSERT INTO exercises (name, difficulty, tips, link) VALUES ('Cable Cross Pushdown', 2, 'Either use two handles or no attachment at all. Both sides of the cable crossover should be set to the top. Stand in the center of the machine holding each Cable in the opposing hand. Your upper arm should be at a 45 degree angle with your torso. Extend your elbows until you feel a contraction and then return to the starting position ', 'https://youtu.be/Dv-Rp8gQfmo');
INSERT INTO muscle_groups_in_exercises (exerciseID, muscleID) VALUES (259, 5);
INSERT INTO equipment_in_exercises (exerciseID, equipmentID) VALUES (259, 5);
INSERT INTO exercises (name, difficulty, tips, link) VALUES ('Cable Skullcrusher', 1, 'You can use a straight bar, rope, easy bar, or two handles. The cable should be set all the way to the top of the machine. Face away from the machine with your elbows up and the attachment just behind your head. Extend at the elbows until you feel a contraction in your triceps and then flex at the elbow back to the starting position. ', 'https://youtu.be/MtTZd-PFe8s');
INSERT INTO muscle_groups_in_exercises (exerciseID, muscleID) VALUES (260, 5);
INSERT INTO equipment_in_exercises (exerciseID, equipmentID) VALUES (260, 5);
INSERT INTO exercises (name, difficulty, tips, link) VALUES ('Cable Overhead Tricep Extension', 1, 'You can use any attachment. The cable should be all the way to the bottom of the machine. Face away from the machine. Point your elbows straight up toward the ceiling. From there, extend your elbows until your fists are pointed straight toward the ceiling. ', 'https://youtu.be/WjepqXc_xhE');
INSERT INTO muscle_groups_in_exercises (exerciseID, muscleID) VALUES (261, 5);
INSERT INTO equipment_in_exercises (exerciseID, equipmentID) VALUES (261, 5);
INSERT INTO exercises (name, difficulty, tips, link) VALUES ('Band Overhead Tricep Extension', 2, 'Stand with one or both feet on band. Go up and over your head with the band to the starting position. Flex and extend your elbows. ', 'https://youtu.be/ke2tFpBYssE');
INSERT INTO muscle_groups_in_exercises (exerciseID, muscleID) VALUES (262, 5);
INSERT INTO equipment_in_exercises (exerciseID, equipmentID) VALUES (262, 6);
INSERT INTO exercises (name, difficulty, tips, link) VALUES ('Band Pushdown', 0, 'Place the band just above eye level. Take a few steps away until the band is taut. Push your hips back slightly. Extend and flex at the elbows. ', 'https://youtu.be/8lGePM05YTk');
INSERT INTO muscle_groups_in_exercises (exerciseID, muscleID) VALUES (263, 5);
INSERT INTO equipment_in_exercises (exerciseID, equipmentID) VALUES (263, 6);
INSERT INTO exercises (name, difficulty, tips, link) VALUES ('Band Skullcrusher', 2, '', 'https://youtu.be/AyL0KjC9F7Y');
INSERT INTO muscle_groups_in_exercises (exerciseID, muscleID) VALUES (264, 5);
INSERT INTO equipment_in_exercises (exerciseID, equipmentID) VALUES (264, 6);
INSERT INTO exercises (name, difficulty, tips, link) VALUES ('Dumbbell Skullcrusher', 1, 'Lay flat on the floor or a bench with your fists extended to the ceiling and a neutral grip. Break at the elbows until your fists are by your temples. Then extend your elbows and flex your triceps at the top. ', 'https://youtu.be/dsfJIf1Dx3A');
INSERT INTO muscle_groups_in_exercises (exerciseID, muscleID) VALUES (265, 5);
INSERT INTO equipment_in_exercises (exerciseID, equipmentID) VALUES (265, 2);
INSERT INTO exercises (name, difficulty, tips, link) VALUES ('Barbell Skullcrusher', 1, 'Take a shoulder width grip. Break at the elbows. Try to keep your elbows tucked in. Don''t let them flare out. Stop the bar a few inches from your forehead and extend your elbows back up. ', 'https://youtu.be/SLu4oek-ECE');
INSERT INTO muscle_groups_in_exercises (exerciseID, muscleID) VALUES (266, 5);
INSERT INTO equipment_in_exercises (exerciseID, equipmentID) VALUES (266, 1);
INSERT INTO exercises (name, difficulty, tips, link) VALUES ('Barbell Overhead Tricep Extension', 2, 'Be careful getting the bar into place overhead. Push your elbows forward while keeping your elbows tucked in. Look for what feels like a stretch in your triceps. Extend your elbows until your fists are pointed at the ceiling. ', 'https://youtu.be/fFDddeZHNk4');
INSERT INTO muscle_groups_in_exercises (exerciseID, muscleID) VALUES (267, 5);
INSERT INTO equipment_in_exercises (exerciseID, equipmentID) VALUES (267, 1);
INSERT INTO exercises (name, difficulty, tips, link) VALUES ('Dumbbell Decline Skullcrusher', 0, 'Start by lying on a decline bench with a dumbbell in each hand. Hold the dumbbells above your chest with your arms extended and your palms facing each other. This is the starting position. Slowly lower the dumbbells towards your forehead by bending your elbows. Keep your upper arms stationary and only move your forearms. Once the dumbbells are close to your forehead, reverse the motion by extending your elbows and returning to the starting position. ', '');
INSERT INTO muscle_groups_in_exercises (exerciseID, muscleID) VALUES (268, 5);
INSERT INTO equipment_in_exercises (exerciseID, equipmentID) VALUES (268, 2);
INSERT INTO exercises (name, difficulty, tips, link) VALUES ('Dumbbell Rolling Tricep Extension', 2, 'Lay flat on a bench with two dumbbells pointed toward the ceiling. Break at the elbows until your forearms touch your biceps, then flex at the shoulder joint bringing your upper arms to the sides of your head. Bring your elbows back up until they are pointed at the ceiling, then extend your elbows. ', '');
INSERT INTO muscle_groups_in_exercises (exerciseID, muscleID) VALUES (269, 5);
INSERT INTO equipment_in_exercises (exerciseID, equipmentID) VALUES (269, 2);
INSERT INTO exercises (name, difficulty, tips, link) VALUES ('Dumbbell Overhead Tricep Extension', 0, '', '');
INSERT INTO muscle_groups_in_exercises (exerciseID, muscleID) VALUES (270, 5);
INSERT INTO equipment_in_exercises (exerciseID, equipmentID) VALUES (270, 2);
INSERT INTO exercises (name, difficulty, tips, link) VALUES ('Dumbbell Tricep Kickback', 0, 'Start by standing with your feet shoulder-width apart and holding a dumbbell in one hand. Bend at the waist and place your opposite hand on your knee for support. From this starting position, extend your arm backwards so that the dumbbell is behind your body. Make sure to keep your elbow close to your body and your core engaged throughout the movement. ', '');
INSERT INTO muscle_groups_in_exercises (exerciseID, muscleID) VALUES (271, 5);
INSERT INTO equipment_in_exercises (exerciseID, equipmentID) VALUES (271, 2);
INSERT INTO muscle_groups_in_exercises (exerciseID, muscleID) VALUES (31, 5);
INSERT INTO exercises (name, difficulty, tips, link) VALUES ('Plate Overhead Tricep Extension', 0, 'Stand or sit with a weight plate in your hands, arms extended straight above your head Lower the weight plate behind your head by bending at the elbows. Keep your elbows close to your head and shoulders relaxed. Push the weight plate back up to starting position, extending your arms fully. ', '');
INSERT INTO muscle_groups_in_exercises (exerciseID, muscleID) VALUES (272, 5);
INSERT INTO equipment_in_exercises (exerciseID, equipmentID) VALUES (272, 7);
INSERT INTO exercises (name, difficulty, tips, link) VALUES ('Band Rapunzel Pushdown', 0, 'Anchor the band to a high point and face away. Hold the band with both hands, placing your hands shoulder-width apart and keeping your elbows close to your body. Slowly extend your arms downward, keeping your elbows close to your body. Push the band down as far as you can, feeling the contraction in your triceps. ', '');
INSERT INTO muscle_groups_in_exercises (exerciseID, muscleID) VALUES (273, 5);
INSERT INTO equipment_in_exercises (exerciseID, equipmentID) VALUES (273, 6);
INSERT INTO exercises (name, difficulty, tips, link) VALUES ('Plate Overhead Press To Tricep Extension', 1, 'Brace your core and press the weight plate overhead until your arms are fully extended. Keep your shoulders down and back. While your arms are fully extended, lower the weight behind your head to perform the extension After completing the extension, lower the weight to your chest, and perform the overhead press. Repeat ', '');
INSERT INTO muscle_groups_in_exercises (exerciseID, muscleID) VALUES (274, 5);
INSERT INTO equipment_in_exercises (exerciseID, equipmentID) VALUES (274, 7);
INSERT INTO exercises (name, difficulty, tips, link) VALUES ('Band Single Arm Pushdown', 0, 'Stand with your feet shoulder-width apart and hold the band with your right hand, with your arm at your side. Flex and extend your elbow. ', '');
INSERT INTO muscle_groups_in_exercises (exerciseID, muscleID) VALUES (275, 5);
INSERT INTO equipment_in_exercises (exerciseID, equipmentID) VALUES (275, 6);
INSERT INTO exercises (name, difficulty, tips, link) VALUES ('Single Arm Rapunzel Pushdown', 0, 'Stand with a band anchored to a high point. Face away from the band. Hold the loop in one hand. Keep your elbow tucked in to your side. Extend your elbow. When you extend, don''t let your upper arm raise. The band should land over your shoulder. ', '');
INSERT INTO muscle_groups_in_exercises (exerciseID, muscleID) VALUES (276, 5);
INSERT INTO equipment_in_exercises (exerciseID, equipmentID) VALUES (276, 6);
INSERT INTO exercises (name, difficulty, tips, link) VALUES ('Band Single Arm Skullcrusher', 1, 'Stand facing away from a band which is anchored to a high point. Keep your elbow pointed forward, and extend and flex your elbow. ', '');
INSERT INTO muscle_groups_in_exercises (exerciseID, muscleID) VALUES (277, 5);
INSERT INTO equipment_in_exercises (exerciseID, equipmentID) VALUES (277, 6);
INSERT INTO exercises (name, difficulty, tips, link) VALUES ('Dumbbell Single Arm Overhead Tricep Extension', 0, 'Stand tall with a single dumbbell extended overhead. Flex at the elbow letting the dumbbell travel behind your body. Try not to let your elbow flare outward. ', '');
INSERT INTO muscle_groups_in_exercises (exerciseID, muscleID) VALUES (278, 5);
INSERT INTO equipment_in_exercises (exerciseID, equipmentID) VALUES (278, 2);
INSERT INTO exercises (name, difficulty, tips, link) VALUES ('Dumbbell Tate Press', 1, 'Lay flat on a bench with two dumbbells extended toward the ceiling. Maintain an overhand grip. Flex at the elbows. The dumbbells will land on your upper chest/clavicle. Extend your elbows bringing the dumbbells back into their starting position. *Named after Dave Tate* ', '');
INSERT INTO muscle_groups_in_exercises (exerciseID, muscleID) VALUES (279, 5);
INSERT INTO equipment_in_exercises (exerciseID, equipmentID) VALUES (279, 2);
INSERT INTO exercises (name, difficulty, tips, link) VALUES ('TRX Skullcrusher', 0, 'Hold the two TRX straps and lean forward. The straps should be over each shoulder. Keep your elbows tucked in and then flex and extend at the elbows. ', '');
INSERT INTO muscle_groups_in_exercises (exerciseID, muscleID) VALUES (280, 5);
INSERT INTO equipment_in_exercises (exerciseID, equipmentID) VALUES (280, 8);
INSERT INTO muscle_groups_in_exercises (exerciseID, muscleID) VALUES (63, 5);
INSERT INTO muscle_groups_in_exercises (exerciseID, muscleID) VALUES (83, 5);
INSERT INTO muscle_groups_in_exercises (exerciseID, muscleID) VALUES (84, 5);
INSERT INTO muscle_groups_in_exercises (exerciseID, muscleID) VALUES (85, 5);
INSERT INTO muscle_groups_in_exercises (exerciseID, muscleID) VALUES (86, 5);
INSERT INTO muscle_groups_in_exercises (exerciseID, muscleID) VALUES (87, 5);
INSERT INTO muscle_groups_in_exercises (exerciseID, muscleID) VALUES (240, 5);
INSERT INTO muscle_groups_in_exercises (exerciseID, muscleID) VALUES (115, 5);
INSERT INTO muscle_groups_in_exercises (exerciseID, muscleID) VALUES (66, 5);
INSERT INTO muscle_groups_in_exercises (exerciseID, muscleID) VALUES (89, 5);
INSERT INTO muscle_groups_in_exercises (exerciseID, muscleID) VALUES (90, 5);
INSERT INTO muscle_groups_in_exercises (exerciseID, muscleID) VALUES (92, 5);
INSERT INTO muscle_groups_in_exercises (exerciseID, muscleID) VALUES (93, 5);
INSERT INTO muscle_groups_in_exercises (exerciseID, muscleID) VALUES (94, 5);
INSERT INTO muscle_groups_in_exercises (exerciseID, muscleID) VALUES (95, 5);
INSERT INTO muscle_groups_in_exercises (exerciseID, muscleID) VALUES (96, 5);
INSERT INTO muscle_groups_in_exercises (exerciseID, muscleID) VALUES (97, 5);
INSERT INTO muscle_groups_in_exercises (exerciseID, muscleID) VALUES (64, 5);
INSERT INTO muscle_groups_in_exercises (exerciseID, muscleID) VALUES (101, 5);
INSERT INTO muscle_groups_in_exercises (exerciseID, muscleID) VALUES (102, 5);
INSERT INTO exercises (name, difficulty, tips, link) VALUES ('Dumbbell Neutral Seated Overhead Press', 0, 'Sit on an upright bench , grasp a pair of dumbbells and hold them at shoulder level with your palms facing each other. Keep your elbows bent and close to your body. Slowly lower the dumbbells to your shoulder joint, keeping your elbows bent and close to your body. Once the dumbbells reach your chest, pause for a moment and then press them back up to the starting position. This variation is much easier on the shoulder joints. ', '');
INSERT INTO muscle_groups_in_exercises (exerciseID, muscleID) VALUES (281, 5);
INSERT INTO equipment_in_exercises (exerciseID, equipmentID) VALUES (281, 2);
INSERT INTO exercises (name, difficulty, tips, link) VALUES ('Dumbbell Seated Arnold Press', 1, 'Begin seated on an upright bench with your palms facing you. Begin pressing toward the ceiling. As you press, rotate your palms. As you extend your elbows fully your palms should be facing forward. ', '');
INSERT INTO muscle_groups_in_exercises (exerciseID, muscleID) VALUES (282, 5);
INSERT INTO equipment_in_exercises (exerciseID, equipmentID) VALUES (282, 2);
INSERT INTO muscle_groups_in_exercises (exerciseID, muscleID) VALUES (103, 5);
INSERT INTO muscle_groups_in_exercises (exerciseID, muscleID) VALUES (104, 5);
INSERT INTO exercises (name, difficulty, tips, link) VALUES ('Dumbbell Alternating Arnold Press', 2, 'Start in a standing position ', '');
INSERT INTO muscle_groups_in_exercises (exerciseID, muscleID) VALUES (283, 5);
INSERT INTO equipment_in_exercises (exerciseID, equipmentID) VALUES (283, 2);
INSERT INTO exercises (name, difficulty, tips, link) VALUES ('Dumbbell Alternating Overhead Press', 1, 'Start with two dumbbells just above your shoulders. Press one dumbbell to the ceiling while keeping the other in place. Let the first dumbbell return to its starting position before pressing the other dumbbell. ', '');
INSERT INTO muscle_groups_in_exercises (exerciseID, muscleID) VALUES (284, 5);
INSERT INTO equipment_in_exercises (exerciseID, equipmentID) VALUES (284, 2);
INSERT INTO exercises (name, difficulty, tips, link) VALUES ('Dumbbell Neutral Alternating Overhead Press', 1, 'Start with two dumbbells near your shoulders with a neutral grip. Press one of the dumbbells toward the ceiling while keeping the other in position. Let the first dumbbell return to its starting position before pressing the other. ', '');
INSERT INTO muscle_groups_in_exercises (exerciseID, muscleID) VALUES (285, 5);
INSERT INTO equipment_in_exercises (exerciseID, equipmentID) VALUES (285, 2);
INSERT INTO exercises (name, difficulty, tips, link) VALUES ('Dumbbell Neutral Overhead Press', 0, 'Start with both dumbbells near your shoulders in a neutral grip. Press the dumbbells toward the ceiling. Make sure you don''t arch your back as you fatigue. ', '');
INSERT INTO muscle_groups_in_exercises (exerciseID, muscleID) VALUES (286, 5);
INSERT INTO equipment_in_exercises (exerciseID, equipmentID) VALUES (286, 2);
INSERT INTO exercises (name, difficulty, tips, link) VALUES ('Dumbbell Overhead Press', 0, 'Start by standing with your feet shoulder-width apart and holding a dumbbell in each hand. Bring the dumbbells to your shoulders, with your palms facing forward and your elbows bent. From this starting position, extend your arms upwards so that the dumbbells are overhead. Make sure to keep your core engaged and your back straight throughout the movement. ', '');
INSERT INTO muscle_groups_in_exercises (exerciseID, muscleID) VALUES (287, 5);
INSERT INTO equipment_in_exercises (exerciseID, equipmentID) VALUES (287, 2);
INSERT INTO exercises (name, difficulty, tips, link) VALUES ('Dumbbell Push Press', 1, 'Start by standing with your feet shoulder-width apart and holding a dumbbell in each hand. From this starting position, dip your knees slightly and then quickly extend them as you press the dumbbells upwards. Make sure to keep your core engaged and your back straight throughout the movement. Slowly lower the dumbbells back down to the starting position, and repeat for the desired number of repetitions. ', '');
INSERT INTO muscle_groups_in_exercises (exerciseID, muscleID) VALUES (288, 5);
INSERT INTO equipment_in_exercises (exerciseID, equipmentID) VALUES (288, 2);
INSERT INTO exercises (name, difficulty, tips, link) VALUES ('Dumbbell Single Arm Arnold Press', 1, 'Start by standing with your feet shoulder-width apart and holding a dumbbell in one hand. Bring the dumbbell to your shoulder, with your palm facing you and your elbow bent. From this starting position, extend your arm upwards so that the dumbbell is directly above your head. As you extend your arm, rotate your palm to face away from your body. ', '');
INSERT INTO muscle_groups_in_exercises (exerciseID, muscleID) VALUES (289, 5);
INSERT INTO equipment_in_exercises (exerciseID, equipmentID) VALUES (289, 2);
INSERT INTO exercises (name, difficulty, tips, link) VALUES ('Dumbbell Single Arm Neutral Overhead Press', 0, 'Start by standing with your feet shoulder-width apart and holding a dumbbell in one hand. Bring the dumbbell to your shoulder, with your palm facing your body and your elbow bent. From this starting position, press the dumbbell upwards so that it is directly above your shoulder. ', '');
INSERT INTO muscle_groups_in_exercises (exerciseID, muscleID) VALUES (290, 5);
INSERT INTO equipment_in_exercises (exerciseID, equipmentID) VALUES (290, 2);
INSERT INTO exercises (name, difficulty, tips, link) VALUES ('Dumbbell Single Arm Overhead Press', 0, 'Start by standing with your feet shoulder-width apart and holding a dumbbell in one hand. Bring the dumbbell to your shoulder, with your palm facing forward and your elbow bent. From this starting position, extend your arm upwards so that the dumbbell is overhead. Make sure to keep your core engaged and your back straight throughout the movement. ', '');
INSERT INTO muscle_groups_in_exercises (exerciseID, muscleID) VALUES (291, 5);
INSERT INTO equipment_in_exercises (exerciseID, equipmentID) VALUES (291, 2);
INSERT INTO muscle_groups_in_exercises (exerciseID, muscleID) VALUES (192, 5);
INSERT INTO muscle_groups_in_exercises (exerciseID, muscleID) VALUES (214, 5);
INSERT INTO muscle_groups_in_exercises (exerciseID, muscleID) VALUES (196, 5);
INSERT INTO muscle_groups_in_exercises (exerciseID, muscleID) VALUES (109, 5);
INSERT INTO muscle_groups_in_exercises (exerciseID, muscleID) VALUES (111, 5);
INSERT INTO muscle_groups_in_exercises (exerciseID, muscleID) VALUES (114, 5);
INSERT INTO muscle_groups (name) VALUES ('Shoulders');
INSERT INTO exercises (name, difficulty, tips, link) VALUES ('Dumbbell Lateral Raise', 0, 'Stand up straight with dumbbells at either side, palms facing your hips. Raise your arms on either side with a slight bend in your elbow until they are parallel with the floor. Pause at the top of the motion. Slowly return your arms down to starting position. ', 'https://youtu.be/CJkGhtivFis');
INSERT INTO muscle_groups_in_exercises (exerciseID, muscleID) VALUES (292, 6);
INSERT INTO equipment_in_exercises (exerciseID, equipmentID) VALUES (292, 2);
INSERT INTO exercises (name, difficulty, tips, link) VALUES ('Dumbbell Rear Delt Fly', 1, 'With dumbbells in either hand, bend your knees with your feet slightly bowed out. Arch your back above your knees, and start with the weights touching in front of your chest. With bent elbows, raise your arms up to shoulder level, pausing at the at the end of the motion. Slowly lower your arms back to starting position. ', 'https://youtu.be/NF0ihhXl-9k');
INSERT INTO muscle_groups_in_exercises (exerciseID, muscleID) VALUES (293, 6);
INSERT INTO equipment_in_exercises (exerciseID, equipmentID) VALUES (293, 2);
INSERT INTO exercises (name, difficulty, tips, link) VALUES ('Machine Face Pulls', 1, 'Facing the pulley, pull the weight towards you while keeping your arms parallel to the ground. Pull your hands back to both sides of your head and hold the position. Slowly return weight to starting position. Repeat. ', 'https://www.youtube.com/watch?v=VNuQNxV-isQ%7C');
INSERT INTO muscle_groups_in_exercises (exerciseID, muscleID) VALUES (294, 6);
INSERT INTO equipment_in_exercises (exerciseID, equipmentID) VALUES (294, 10);
INSERT INTO exercises (name, difficulty, tips, link) VALUES ('Dumbbell Seated Overhead Press', 0, 'Sit on a bench with back support. Raise the dumbbells to shoulder height with your palms forward. Raise the dumbbells upwards and pause at the contracted position. Lower the weights back to starting position. ', 'https://www.youtube.com/watch?v=8HnbEetpoIg%7C');
INSERT INTO muscle_groups_in_exercises (exerciseID, muscleID) VALUES (295, 6);
INSERT INTO equipment_in_exercises (exerciseID, equipmentID) VALUES (295, 2);
INSERT INTO exercises (name, difficulty, tips, link) VALUES ('Dumbbell Front Raise', 0, 'Grab two dumbbells while standing upright with the dumbbells at your side. Raise the two dumbbells with your elbows being fully extended until the dumbbells are eye level. Lower the weights in a controlled manner to the starting position and repeat. ', 'https://youtu.be/rbR9hmKz2Hs');
INSERT INTO muscle_groups_in_exercises (exerciseID, muscleID) VALUES (296, 6);
INSERT INTO equipment_in_exercises (exerciseID, equipmentID) VALUES (296, 2);
INSERT INTO exercises (name, difficulty, tips, link) VALUES ('Dumbbell Seated Rear Delt Fly', 1, 'With dumbbells in either hand, bend your knees with your feet slightly bowed out. Arch your back above your knees, and start with the weights touching in front of your chest. With bent elbows, raise your arms up to shoulder level, pausing at the at the end of the motion. Slowly lower your arms back to starting position. ', 'https://youtu.be/GA0ngGb-kL8');
INSERT INTO muscle_groups_in_exercises (exerciseID, muscleID) VALUES (297, 6);
INSERT INTO equipment_in_exercises (exerciseID, equipmentID) VALUES (297, 2);
INSERT INTO exercises (name, difficulty, tips, link) VALUES ('Kettlebell Rear Delt Row', 0, 'Stand with your feet shoulder width apart, holding the kettlebell with both hands in front of your thighs. Bend forward at the hips bringing the kettlebell to the floor while you slightly bend your knees, keeping your back straight. Lift the kettlebell upwards towards your upper chest and then lower the kettlebell- repeat. ', 'https://youtu.be/qOpOzVJUNY8');
INSERT INTO muscle_groups_in_exercises (exerciseID, muscleID) VALUES (298, 6);
INSERT INTO equipment_in_exercises (exerciseID, equipmentID) VALUES (298, 3);
INSERT INTO exercises (name, difficulty, tips, link) VALUES ('Kettlebell Front Raise', 0, 'Stand up straight with feet shoulder width apart, holding the kettlebell in front of your pelvis. Keeping arms straight, raise the kettlebell slightly higher than head level. Return to the starting position and repeat. ', 'https://youtu.be/OgIUqIjIxM8');
INSERT INTO muscle_groups_in_exercises (exerciseID, muscleID) VALUES (299, 6);
INSERT INTO equipment_in_exercises (exerciseID, equipmentID) VALUES (299, 3);
INSERT INTO exercises (name, difficulty, tips, link) VALUES ('Kettlebell Single Arm Rear Delt Fly', 1, 'Stand with your feet shoulder width apart holding the kettlebell with both hands in front of your thighs. Bend forward at the hips bringing the kettlebell to the floor while you slightly bend your knees, keeping your back straight. Bring one arm behind you and rest this arm on your back. With the other arm, hold the kettlebell at arms length close to the floor. Swing the kettlebell out and up towards the side of your body and then return to centre. Repeat. ', 'https://youtu.be/tnlr_-FLqsQ');
INSERT INTO muscle_groups_in_exercises (exerciseID, muscleID) VALUES (300, 6);
INSERT INTO equipment_in_exercises (exerciseID, equipmentID) VALUES (300, 3);
INSERT INTO exercises (name, difficulty, tips, link) VALUES ('Kettlebell Long Lever Lateral Raise', 1, 'Stand with feet shoulder width apart holding a kettlebell with one hand at your side. Keeping your arm straight, swing the kettlebell up and out, away from your body to around head height, holding on to the kettlebell firmly so it does not change position in your hand. Return to the starting position and repeat. ', 'https://youtu.be/8y3iz93y9u0');
INSERT INTO muscle_groups_in_exercises (exerciseID, muscleID) VALUES (301, 6);
INSERT INTO equipment_in_exercises (exerciseID, equipmentID) VALUES (301, 3);
INSERT INTO exercises (name, difficulty, tips, link) VALUES ('Kettlebell Single Arm Lateral Raise', 0, 'Stand with feet shoulder width apart holding a kettlebell with one hand at your side. Keeping your arm straight, swing the kettlebell up and out, away from your body to around head height. Return to the starting position and repeat. ', 'https://youtu.be/fzEI7L3jv2M');
INSERT INTO muscle_groups_in_exercises (exerciseID, muscleID) VALUES (302, 6);
INSERT INTO equipment_in_exercises (exerciseID, equipmentID) VALUES (302, 3);
INSERT INTO exercises (name, difficulty, tips, link) VALUES ('Shoulders Stretch Variation Four', 0, 'Stand with you feet shoulder width apart. Place one arm across the front of your chest at shoulder height, press the forearm of your other arm above the elbow, hooking the stretching arm with your hand. Press the arm until it is straight and rotate your upper torso to engage the stretch even deeper. Repeat with your other arm. ', 'https://youtu.be/mpPbbH481a4');
INSERT INTO muscle_groups_in_exercises (exerciseID, muscleID) VALUES (303, 6);
INSERT INTO equipment_in_exercises (exerciseID, equipmentID) VALUES (303, 4);
INSERT INTO exercises (name, difficulty, tips, link) VALUES ('Shoulders Stretch Variation Three', 0, 'Place the top of your hand into the small of your back, your arm at a 90 degree angle. Hold your elbow with the other arm, and slowly pull the arm forward until you feel your shoulder engaged in the stretch. Pause at the apex of the stretch and return to the starting position. Return to starting position, and repeat with your other arm. ', 'https://youtu.be/NQMe2sFiOL4');
INSERT INTO muscle_groups_in_exercises (exerciseID, muscleID) VALUES (304, 6);
INSERT INTO equipment_in_exercises (exerciseID, equipmentID) VALUES (304, 4);
INSERT INTO exercises (name, difficulty, tips, link) VALUES ('Shoulders Stretch Variation Two', 0, 'Start with your arms at either side. Begin by pushing your shoulders forward and in towards your chest. Repeat as necessary. Continue the circular motion with your shoulders, pinching up towards your ears, and then extending your chest outwards while you finish the motion. ', 'https://youtu.be/ZEqdx05Z6K0');
INSERT INTO muscle_groups_in_exercises (exerciseID, muscleID) VALUES (305, 6);
INSERT INTO equipment_in_exercises (exerciseID, equipmentID) VALUES (305, 4);
INSERT INTO exercises (name, difficulty, tips, link) VALUES ('Shoulders Stretch Variation One', 0, 'Reach one arm behind your body, with your elbow pointing upward behind your head. Assist the stretch with your other hand on your elbow to engage your shoulder. Pause for a few seconds, then repeat the stretch with your other arm. ', 'https://youtu.be/UFCLH__899A');
INSERT INTO muscle_groups_in_exercises (exerciseID, muscleID) VALUES (306, 6);
INSERT INTO equipment_in_exercises (exerciseID, equipmentID) VALUES (306, 4);
INSERT INTO muscle_groups_in_exercises (exerciseID, muscleID) VALUES (234, 6);
INSERT INTO exercises (name, difficulty, tips, link) VALUES ('Cable Overhead Press', 0, 'Use a handle attachment with the cable set to the bottom of the machine. Stand upright making sure to maintain a flat back. Your starting position will have your palms facing forward. Use both your elbows and shoulders to press the weight directly overhead. ', 'https://youtu.be/xuJnzODpzng');
INSERT INTO muscle_groups_in_exercises (exerciseID, muscleID) VALUES (307, 6);
INSERT INTO equipment_in_exercises (exerciseID, equipmentID) VALUES (307, 5);
INSERT INTO exercises (name, difficulty, tips, link) VALUES ('Cable Lateral Raise', 0, 'Use a handle attachment with the cable set all the way to the bottom of the machine. You should vertically abduct at the shoulder raising your arm straight out to the side. Raise until your arm is parallel with the ground and then back to the starting position. ', 'https://youtu.be/CLhdww4OY-Y');
INSERT INTO muscle_groups_in_exercises (exerciseID, muscleID) VALUES (308, 6);
INSERT INTO equipment_in_exercises (exerciseID, equipmentID) VALUES (308, 5);
INSERT INTO exercises (name, difficulty, tips, link) VALUES ('Cable Rear Delt Fly', 1, 'Use a handle attachment or no attachment at all. The cable should be set to the top. Walk a few steps away with the cable coming from the opposing side of the working arm. From there, your shoulders should horizontally abduct and adduct, while your elbows stay in a fixed position. ', 'https://youtu.be/aF62FpXWqBc');
INSERT INTO muscle_groups_in_exercises (exerciseID, muscleID) VALUES (309, 6);
INSERT INTO equipment_in_exercises (exerciseID, equipmentID) VALUES (309, 5);
INSERT INTO muscle_groups_in_exercises (exerciseID, muscleID) VALUES (235, 6);
INSERT INTO exercises (name, difficulty, tips, link) VALUES ('Band Face Pull', 1, 'Anchor the band at eye level. Take a few steps away until the band is taut. Use an overhand grip with both hands. Pull the band to the bridge of your nose flaring your elbows out. ', 'https://youtu.be/g1gJrtw8wAM');
INSERT INTO muscle_groups_in_exercises (exerciseID, muscleID) VALUES (310, 6);
INSERT INTO equipment_in_exercises (exerciseID, equipmentID) VALUES (310, 6);
INSERT INTO exercises (name, difficulty, tips, link) VALUES ('Band Front Raise', 0, 'Stand on the band with one or 2 feet depending on how heavy you want the band to be. With your elbows extended raise your fists straight up to the ceiling until they are at eye level. ', 'https://youtu.be/6DSu8CSyQ8I');
INSERT INTO muscle_groups_in_exercises (exerciseID, muscleID) VALUES (311, 6);
INSERT INTO equipment_in_exercises (exerciseID, equipmentID) VALUES (311, 6);
INSERT INTO exercises (name, difficulty, tips, link) VALUES ('Band Lateral Raise', 1, 'Grab the band at shoulder width. Raise your arms straight out to the side. The band should scrape against your shirt. ', 'https://youtu.be/M5HZ3RtykCg');
INSERT INTO muscle_groups_in_exercises (exerciseID, muscleID) VALUES (312, 6);
INSERT INTO equipment_in_exercises (exerciseID, equipmentID) VALUES (312, 6);
INSERT INTO exercises (name, difficulty, tips, link) VALUES ('Band Pull Apart', 0, 'Grab the band with a shoulder width grip. Point your arms straight in front of you. Retract your shoulder blades and shoulder joint until the band taps your chest. ', 'https://youtu.be/6N8PLufuOAo');
INSERT INTO muscle_groups_in_exercises (exerciseID, muscleID) VALUES (313, 6);
INSERT INTO equipment_in_exercises (exerciseID, equipmentID) VALUES (313, 6);
INSERT INTO muscle_groups_in_exercises (exerciseID, muscleID) VALUES (238, 6);
INSERT INTO exercises (name, difficulty, tips, link) VALUES ('Barbell Front Raise', 1, 'Stand tall with an overhand grip on the barbell. Raise your arms until your fists are around eye level. Return to the start under control. This exercise is prone to using momentum when you begin to fatigue. ', 'https://youtu.be/d3LafLA7xKc');
INSERT INTO muscle_groups_in_exercises (exerciseID, muscleID) VALUES (314, 6);
INSERT INTO equipment_in_exercises (exerciseID, equipmentID) VALUES (314, 1);
INSERT INTO exercises (name, difficulty, tips, link) VALUES ('Barbell Overhead Press', 1, 'Take a roughly shoulder width grip. There should be a straight line from your elbow to fist (vertical forearms). Pull your chin back and press the weight toward the ceiling by extending at the elbow joint and flexing at the shoulder joint. Press until your elbows are extended and push your head forward slightly. Return to the start position with control. Pulling your chin back to allow the bar to pass your face safely. ', 'https://youtu.be/yWZGBBZoVXc');
INSERT INTO muscle_groups_in_exercises (exerciseID, muscleID) VALUES (315, 6);
INSERT INTO equipment_in_exercises (exerciseID, equipmentID) VALUES (315, 1);
INSERT INTO muscle_groups_in_exercises (exerciseID, muscleID) VALUES (239, 6);
INSERT INTO exercises (name, difficulty, tips, link) VALUES ('Dumbbell Rear Delt Row', 2, 'Hinge forward at the hips while maintaining a flat back. Try to get your torso as close to parallel with the ground as your mobility will allow for. Let your arms hang in front of you. Pull your elbows back towards the ceiling while flaring your elbows outward. ', 'https://youtu.be/Okc0NhlspcA');
INSERT INTO muscle_groups_in_exercises (exerciseID, muscleID) VALUES (316, 6);
INSERT INTO equipment_in_exercises (exerciseID, equipmentID) VALUES (316, 2);
INSERT INTO muscle_groups_in_exercises (exerciseID, muscleID) VALUES (240, 6);
INSERT INTO exercises (name, difficulty, tips, link) VALUES ('Dumbbell Bayesian Lateral Raise', 0, 'Lay on an incline bench and let your arms freely. Lateral raise your arms straight out to the side until your arms are about parallel with the ground. ', '');
INSERT INTO muscle_groups_in_exercises (exerciseID, muscleID) VALUES (317, 6);
INSERT INTO equipment_in_exercises (exerciseID, equipmentID) VALUES (317, 2);
INSERT INTO exercises (name, difficulty, tips, link) VALUES ('Dumbbell Laying Reverse Fly', 0, 'With dumbbells in either hand, lay on an incline bench that''s at about 15-30 degrees. With bent elbows, raise your arms up to shoulder level, pausing at the at the end of the motion. Slowly lower your arms back to starting position. ', '');
INSERT INTO muscle_groups_in_exercises (exerciseID, muscleID) VALUES (318, 6);
INSERT INTO equipment_in_exercises (exerciseID, equipmentID) VALUES (318, 2);
INSERT INTO exercises (name, difficulty, tips, link) VALUES ('Dumbbell Laying Reverse Fly Internally Rotated', 1, 'With dumbbells in either hand and an overhand grip, lay on an incline bench that is roughly 15 - 30 degrees high. With bent elbows, raise your arms up to shoulder level, pausing at the at the end of the motion. Slowly lower your arms back to starting position. ', '');
INSERT INTO muscle_groups_in_exercises (exerciseID, muscleID) VALUES (319, 6);
INSERT INTO equipment_in_exercises (exerciseID, equipmentID) VALUES (319, 2);
INSERT INTO muscle_groups_in_exercises (exerciseID, muscleID) VALUES (281, 6);
INSERT INTO muscle_groups_in_exercises (exerciseID, muscleID) VALUES (282, 6);
INSERT INTO muscle_groups_in_exercises (exerciseID, muscleID) VALUES (283, 6);
INSERT INTO muscle_groups_in_exercises (exerciseID, muscleID) VALUES (284, 6);
INSERT INTO exercises (name, difficulty, tips, link) VALUES ('Dumbbell Arnold Press', 1, 'Stand with both palms facing you. Begin to press the dumbbells to the ceiling while rotating your palms. When you reach elbow extension, your palms should be facing forward. ', '');
INSERT INTO muscle_groups_in_exercises (exerciseID, muscleID) VALUES (320, 6);
INSERT INTO equipment_in_exercises (exerciseID, equipmentID) VALUES (320, 2);
INSERT INTO muscle_groups_in_exercises (exerciseID, muscleID) VALUES (285, 6);
INSERT INTO muscle_groups_in_exercises (exerciseID, muscleID) VALUES (286, 6);
INSERT INTO muscle_groups_in_exercises (exerciseID, muscleID) VALUES (287, 6);
INSERT INTO muscle_groups_in_exercises (exerciseID, muscleID) VALUES (288, 6);
INSERT INTO muscle_groups_in_exercises (exerciseID, muscleID) VALUES (289, 6);
INSERT INTO muscle_groups_in_exercises (exerciseID, muscleID) VALUES (290, 6);
INSERT INTO muscle_groups_in_exercises (exerciseID, muscleID) VALUES (291, 6);
INSERT INTO exercises (name, difficulty, tips, link) VALUES ('Plate Car Driver', 0, 'Inhale and brace your abdominals Raise the arms vertically while keeping the elbows slightly bent Once the arms are parallel with the floor, rotate the plate clockwise and counterclockwise. Lower the plate back to the starting position. ', '');
INSERT INTO muscle_groups_in_exercises (exerciseID, muscleID) VALUES (321, 6);
INSERT INTO equipment_in_exercises (exerciseID, equipmentID) VALUES (321, 7);
INSERT INTO exercises (name, difficulty, tips, link) VALUES ('Plate Front Raise', 0, 'Stand with feet shoulder-width apart and the plate in front of the torso, palms facing the thighs. Keeping the elbows slightly bent, lift the plate up to the front of the body. Raise the plate up until the arms are fully extended, maintaining control of the plate. Lower the plate back to the starting position and repeat for desired reps. ', '');
INSERT INTO muscle_groups_in_exercises (exerciseID, muscleID) VALUES (322, 6);
INSERT INTO equipment_in_exercises (exerciseID, equipmentID) VALUES (322, 7);
INSERT INTO exercises (name, difficulty, tips, link) VALUES ('Plate Halo', 0, 'Stand with feet shoulder-width apart and the plate held in front of your face with both hands, palms facing each other. Rotate the plate around the head, keeping the arms extended and moving the plate in a circular motion. Complete one full circle, then reverse the direction to complete another circle. ', '');
INSERT INTO muscle_groups_in_exercises (exerciseID, muscleID) VALUES (323, 6);
INSERT INTO equipment_in_exercises (exerciseID, equipmentID) VALUES (323, 7);
INSERT INTO exercises (name, difficulty, tips, link) VALUES ('Band High Face Pull', 0, 'Start with a band anchored to a high point. Stagger your stance. Pull the band to the bridge of your nose. ', '');
INSERT INTO muscle_groups_in_exercises (exerciseID, muscleID) VALUES (324, 6);
INSERT INTO equipment_in_exercises (exerciseID, equipmentID) VALUES (324, 6);
INSERT INTO exercises (name, difficulty, tips, link) VALUES ('Band Low Lateral Raise', 1, 'Anchor a band to a low point and stand with the band crossing your body. While keeping your elbow mostly extended, lift your arm until it''s parallel with the floor. ', '');
INSERT INTO muscle_groups_in_exercises (exerciseID, muscleID) VALUES (325, 6);
INSERT INTO equipment_in_exercises (exerciseID, equipmentID) VALUES (325, 6);
INSERT INTO exercises (name, difficulty, tips, link) VALUES ('Band Mid Lateral Raise', 0, 'Anchor a band to a point that is the same height as your fist when your arms are at your side and stand with the band crossing your body. While keeping your elbow mostly extended, lift your arm until it''s parallel with the floor. ', '');
INSERT INTO muscle_groups_in_exercises (exerciseID, muscleID) VALUES (326, 6);
INSERT INTO equipment_in_exercises (exerciseID, equipmentID) VALUES (326, 6);
INSERT INTO exercises (name, difficulty, tips, link) VALUES ('Band Overhead Press', 0, 'Stand between the two anchored bands, grasp them with an overhand grip, and position the bands at shoulder level. Brace your core and push the bands overhead, fully extending your arms. Lower the bands back to shoulder level, keeping your core engaged and arms straight. Repeat for desired number of reps. ', '');
INSERT INTO muscle_groups_in_exercises (exerciseID, muscleID) VALUES (327, 6);
INSERT INTO equipment_in_exercises (exerciseID, equipmentID) VALUES (327, 6);
INSERT INTO exercises (name, difficulty, tips, link) VALUES ('Band Rear Delt Fly', 1, 'Start by standing between the two anchored bands with your feet shoulder-width apart and the bands positioned at a high point. Grasp the ends of each band with your hands, keeping your palms facing each other. Keeping your arms slightly bent and your back straight, slowly pull the bands away from your body until your arms are extended straight out to the sides. Hold for a second, then slowly release back to the starting position. Repeat for desired reps. ', '');
INSERT INTO muscle_groups_in_exercises (exerciseID, muscleID) VALUES (328, 6);
INSERT INTO equipment_in_exercises (exerciseID, equipmentID) VALUES (328, 6);
INSERT INTO exercises (name, difficulty, tips, link) VALUES ('Plate Full Lateral Raise', 1, 'Stand tall holding two plates at your side. Lateral raise the plates to your side and continue until the plates are pointed at the ceiling. Let your shoulder joint naturally rotate. At the bottom you should have a neutral or overhand grip. By the time the plates are overhead, your palms should be facing forward. ', '');
INSERT INTO muscle_groups_in_exercises (exerciseID, muscleID) VALUES (329, 6);
INSERT INTO equipment_in_exercises (exerciseID, equipmentID) VALUES (329, 7);
INSERT INTO exercises (name, difficulty, tips, link) VALUES ('Plate Internally Rotated Rear Delt Fly', 1, 'With plates in either hand, bend your knees with your feet slightly bowed out. Hinge forward with a flat back. Maintain an overhand grip and internally rotated shoulders. Raise your arms backward toward the ceiling while maintaining a light band in your elbows. ', '');
INSERT INTO muscle_groups_in_exercises (exerciseID, muscleID) VALUES (330, 6);
INSERT INTO equipment_in_exercises (exerciseID, equipmentID) VALUES (330, 7);
INSERT INTO exercises (name, difficulty, tips, link) VALUES ('Plate Lateral Raise', 0, 'Stand with feet shoulder-width apart and grip two plates in each hand at your sides. Keeping your arms straight, raise the plates out to your sides until they are in line with your shoulders. Lower the plates back to your sides with control. Repeat for desired number of reps. ', '');
INSERT INTO muscle_groups_in_exercises (exerciseID, muscleID) VALUES (331, 6);
INSERT INTO equipment_in_exercises (exerciseID, equipmentID) VALUES (331, 7);
INSERT INTO exercises (name, difficulty, tips, link) VALUES ('Plate Rear Delt Fly', 0, 'Keep your back straight and bend forward slightly at the waist. With arms extended, raise the weights out to your sides until they are in line with your shoulders. Pause briefly and then lower the weights back to the starting position. ', '');
INSERT INTO muscle_groups_in_exercises (exerciseID, muscleID) VALUES (332, 6);
INSERT INTO equipment_in_exercises (exerciseID, equipmentID) VALUES (332, 7);
INSERT INTO exercises (name, difficulty, tips, link) VALUES ('Plate Reach', 0, 'Start in a standing position with a plate against your chest. Press the plate away from your body until your elbows are extended. ', '');
INSERT INTO muscle_groups_in_exercises (exerciseID, muscleID) VALUES (333, 6);
INSERT INTO equipment_in_exercises (exerciseID, equipmentID) VALUES (333, 7);
INSERT INTO exercises (name, difficulty, tips, link) VALUES ('Laying Lateral Raise', 0, 'Lay on your side on a bench or box. Place one hand on the floor and the other hand is holding the dumbbell. While keeping your elbow mostly extended, raise the dumbbell to the side. The end of the range of motion is when the dumbbell is pointed toward the ceiling. Make sure you don''t flex and extend your elbow. ', '');
INSERT INTO muscle_groups_in_exercises (exerciseID, muscleID) VALUES (334, 6);
INSERT INTO equipment_in_exercises (exerciseID, equipmentID) VALUES (334, 2);
INSERT INTO exercises (name, difficulty, tips, link) VALUES ('Dumbbell Single Arm Upright Row', 0, 'Stand with your feet shoulder-width apart, holding a dumbbell in one hand with an overhand grip. Keep your back straight and chest lifted, engage your core to maintain balance. Begin the movement by lifting the dumbbell straight up towards your chin, keeping your elbow close to your body and the weight in line with your shoulder. Continue to lift the weight until it reaches the chin or neck level, keeping the elbow high and close to the body. Lower the weight back down to the starting position with control. ', '');
INSERT INTO muscle_groups_in_exercises (exerciseID, muscleID) VALUES (335, 6);
INSERT INTO equipment_in_exercises (exerciseID, equipmentID) VALUES (335, 2);
INSERT INTO exercises (name, difficulty, tips, link) VALUES ('Dumbbell Upright Row', 0, 'Stand with your feet shoulder-width apart, holding 2 dumbbells in each hand. Keep your back straight and chest lifted, engage your core to maintain balance. Begin the movement by lifting the dumbbells straight up towards your chin, keeping your elbow close to your body and the weight in line with your shoulder. Continue to lift the weight until it reaches the chin or neck level, keeping the elbow high and close to the body. ', '');
INSERT INTO muscle_groups_in_exercises (exerciseID, muscleID) VALUES (336, 6);
INSERT INTO equipment_in_exercises (exerciseID, equipmentID) VALUES (336, 2);
INSERT INTO exercises (name, difficulty, tips, link) VALUES ('TRX I Raise', 0, 'Stand facing the TRX straps and hold onto the handles with an overhand grip, keeping your arms straight and hands slightly wider than shoulder-width apart. Keeping your core engaged, slowly raise your arms forward until they are overhead. Pause for a moment at the top of the movement, then slowly lower your arms back to the starting position. ', '');
INSERT INTO muscle_groups_in_exercises (exerciseID, muscleID) VALUES (337, 6);
INSERT INTO equipment_in_exercises (exerciseID, equipmentID) VALUES (337, 8);
INSERT INTO exercises (name, difficulty, tips, link) VALUES ('TRX Rear Delt Fly', 1, 'Stand facing away from the TRX straps and grab the handles with both hands. Step forward so that your body is in a plank position, with your arms straight and your body in a straight line from your head to your heels. Keeping your arms straight, slowly lift your arms out to the side, keeping them at the same height as your shoulders. Your body should form a "T" shape. ', '');
INSERT INTO muscle_groups_in_exercises (exerciseID, muscleID) VALUES (338, 6);
INSERT INTO equipment_in_exercises (exerciseID, equipmentID) VALUES (338, 8);
INSERT INTO exercises (name, difficulty, tips, link) VALUES ('TRX Rear Delt Row', 0, 'Stand facing away from the TRX straps and grab the handles with both hands. Step away so your body is leaning away from the anchor point. Flex your elbows and pull your elbows straight back behind your body. Make sure to keep your elbows flared outward. ', '');
INSERT INTO muscle_groups_in_exercises (exerciseID, muscleID) VALUES (339, 6);
INSERT INTO equipment_in_exercises (exerciseID, equipmentID) VALUES (339, 8);
INSERT INTO exercises (name, difficulty, tips, link) VALUES ('TRX W Raise', 0, 'Hold the TRX straps and lean away from the anchor point. Pull your elbows back while externally rotating your shoulder joint. Your arms should make a W shape at the back portion of the exercise. ', '');
INSERT INTO muscle_groups_in_exercises (exerciseID, muscleID) VALUES (340, 6);
INSERT INTO equipment_in_exercises (exerciseID, equipmentID) VALUES (340, 8);
INSERT INTO muscle_groups_in_exercises (exerciseID, muscleID) VALUES (243, 6);
INSERT INTO muscle_groups_in_exercises (exerciseID, muscleID) VALUES (214, 6);
INSERT INTO muscle_groups_in_exercises (exerciseID, muscleID) VALUES (224, 6);
INSERT INTO muscle_groups_in_exercises (exerciseID, muscleID) VALUES (237, 6);
INSERT INTO muscle_groups_in_exercises (exerciseID, muscleID) VALUES (115, 6);
INSERT INTO muscle_groups_in_exercises (exerciseID, muscleID) VALUES (95, 6);
INSERT INTO muscle_groups_in_exercises (exerciseID, muscleID) VALUES (190, 6);
INSERT INTO exercises (name, difficulty, tips, link) VALUES ('Plate Clean And Press', 1, 'Stand with feet shoulder-width apart and the plate in front of the feet. Bend the knees and hips to pick up the plate, keeping the back straight and core engaged. Stand up, lock the hips and legs, and press the plate overhead with straight arms. Lower the plate back to the starting position, keeping control of it, and repeat for desired reps. ', '');
INSERT INTO muscle_groups_in_exercises (exerciseID, muscleID) VALUES (341, 6);
INSERT INTO equipment_in_exercises (exerciseID, equipmentID) VALUES (341, 7);
INSERT INTO muscle_groups_in_exercises (exerciseID, muscleID) VALUES (30, 6);
INSERT INTO muscle_groups_in_exercises (exerciseID, muscleID) VALUES (31, 6);
INSERT INTO muscle_groups_in_exercises (exerciseID, muscleID) VALUES (274, 6);
INSERT INTO muscle_groups_in_exercises (exerciseID, muscleID) VALUES (231, 6);
INSERT INTO muscle_groups_in_exercises (exerciseID, muscleID) VALUES (203, 6);
INSERT INTO muscle_groups_in_exercises (exerciseID, muscleID) VALUES (204, 6);
INSERT INTO exercises (name, difficulty, tips, link) VALUES ('Plank IYTW', 1, 'Start in a plank position. Hold one dumbbell. Raise the dumbbell straight out in front of you (I), at a 45 degree angle (Y), out to the side (T), and then bend at the elbow while raising (W). Going through IYTW counts as one rep. Make sure to keep your hips stable. If you''re unable to, try performing this exercise from the knees. ', '');
INSERT INTO muscle_groups_in_exercises (exerciseID, muscleID) VALUES (342, 6);
INSERT INTO equipment_in_exercises (exerciseID, equipmentID) VALUES (342, 2);
INSERT INTO muscle_groups_in_exercises (exerciseID, muscleID) VALUES (205, 6);
INSERT INTO muscle_groups_in_exercises (exerciseID, muscleID) VALUES (114, 6);
INSERT INTO muscle_groups (name) VALUES ('Lats');
INSERT INTO exercises (name, difficulty, tips, link) VALUES ('Machine Pulldown', 0, 'Grip the bar with the palms facing forward, your hands need to be spaced out at a distance wider than shoulder width. As you have both arms extended in front of you holding the bar, bring your torso back around 30 degrees while sticking your chest out. Pull the bar down to about chin level or a little lower in a smooth movement whilst squeezing the shoulder blades together. After a second of squeezing, slowly raise the bar back to the starting position when your arms are fully extended. ', 'https://www.youtube.com/watch?v=Mz60YgWiI1U%7C');
INSERT INTO muscle_groups_in_exercises (exerciseID, muscleID) VALUES (343, 7);
INSERT INTO equipment_in_exercises (exerciseID, equipmentID) VALUES (343, 10);
INSERT INTO exercises (name, difficulty, tips, link) VALUES ('Machine Seated Cable Row', 0, 'Sit with your back straight on the machine and grip the handles. Pull the handles back using your arms. Your legs and torso should be at a 90 angle. Push out your chest. Pull the handles towards your body until your hands are beside your abdomen. ', 'https://www.youtube.com/watch?v=-gLQHqEtEpY%7C');
INSERT INTO muscle_groups_in_exercises (exerciseID, muscleID) VALUES (344, 7);
INSERT INTO equipment_in_exercises (exerciseID, equipmentID) VALUES (344, 10);
INSERT INTO exercises (name, difficulty, tips, link) VALUES ('Pull Ups', 1, 'Grasp the bar with an overhand grip, arms and shoulders fully extended. Pull your body up until your chin is above the bar. Lower your body back to starting position. ', 'https://www.youtube.com/watch?v=y6x0AIhgjsM');
INSERT INTO muscle_groups_in_exercises (exerciseID, muscleID) VALUES (345, 7);
INSERT INTO equipment_in_exercises (exerciseID, equipmentID) VALUES (345, 9);
INSERT INTO exercises (name, difficulty, tips, link) VALUES ('Dumbbell Row Bilateral', 1, 'Grab both dumbbells and hinge forward at the hips. Make sure you keep a flat back. The closer your torso is to parallel with the ground the longer the range of motion will be at your shoulder. The better the results you''ll get from the exercise. Let your arms hang freely, and then pull your elbow joint straight back toward the ceiling. ', 'https://youtu.be/dQDlg5-monc');
INSERT INTO muscle_groups_in_exercises (exerciseID, muscleID) VALUES (346, 7);
INSERT INTO equipment_in_exercises (exerciseID, equipmentID) VALUES (346, 2);
INSERT INTO exercises (name, difficulty, tips, link) VALUES ('Barbell Bent Over Row', 1, 'Grab a barbell with a shoulder width pronated or supinated grip. Bend forward at your hips while maintaining a flat back. Pull the weight toward your upper abdomen. Lower the weight in a controlled manner and repeat. ', 'https://www.youtube.com/watch?v=GqDnbRoXnbY%7C');
INSERT INTO muscle_groups_in_exercises (exerciseID, muscleID) VALUES (347, 7);
INSERT INTO equipment_in_exercises (exerciseID, equipmentID) VALUES (347, 1);
INSERT INTO exercises (name, difficulty, tips, link) VALUES ('Kettlebell Row', 0, 'Stand with your feet shoulder width apart holding the kettlebell with both hands in front of your thighs. Bend forward at the hips bringing the kettlebell to the floor while you slightly bend your knees, keeping your back straight. Lift the kettlebell upwards towards your chest and lower - repeat. ', 'https://youtu.be/DpflFvJnjxo');
INSERT INTO muscle_groups_in_exercises (exerciseID, muscleID) VALUES (348, 7);
INSERT INTO equipment_in_exercises (exerciseID, equipmentID) VALUES (348, 3);
INSERT INTO exercises (name, difficulty, tips, link) VALUES ('Kettlebell Shoulder Extension', 1, 'Stand with your feet shoulder width apart bending forward at the hips as far as comfortable. Place off-hand on the same side thigh for stability. Hold the kettlebell in one hand, straight armed and pointing towards the floor. Keeping your arm straight, swing the kettlebell behind you as far as comfortable. Return to the starting position and repeat. ', 'https://youtu.be/jtFC5E0GCdQ');
INSERT INTO muscle_groups_in_exercises (exerciseID, muscleID) VALUES (349, 7);
INSERT INTO equipment_in_exercises (exerciseID, equipmentID) VALUES (349, 3);
INSERT INTO exercises (name, difficulty, tips, link) VALUES ('Kettlebell Single Arm Row', 0, 'Stand with your feet shoulder width apart, shifting one foot behind you. Hold the kettlebell in the same hand as the leg shifted backwards. Bend forwards at the hips bringing the kettlebell to the floor while you slightly bend your knee, keeping your back straight. Lift the kettlebell upwards towards your chest and lower - repeat. ', 'https://youtu.be/Z7ZWC6UKyD4');
INSERT INTO muscle_groups_in_exercises (exerciseID, muscleID) VALUES (350, 7);
INSERT INTO equipment_in_exercises (exerciseID, equipmentID) VALUES (350, 3);
INSERT INTO exercises (name, difficulty, tips, link) VALUES ('Kettlebell Pullover', 2, 'Rest your upper back on the bench and place soles of your feet firmly on the floor keeping torso and thighs suspended and parallel to the floor. Hold the kettlebell with both hands above your chest, keeping your arms straight. Keeping your arms straight, move the kettlebell in the direction of your head until your arms are parallel to the floor. Return to starting to position and repeat. ', 'https://youtu.be/_q02WKDALQs');
INSERT INTO muscle_groups_in_exercises (exerciseID, muscleID) VALUES (351, 7);
INSERT INTO equipment_in_exercises (exerciseID, equipmentID) VALUES (351, 3);
INSERT INTO exercises (name, difficulty, tips, link) VALUES ('Lats Stretch Variation Three', 0, 'Find a wall to lean against, lay your tricep against the wall with your hand behind your back. Slowly lean into the wall. Return to starting position, then switch sides. ', 'https://youtu.be/goQAAe4HzdA');
INSERT INTO muscle_groups_in_exercises (exerciseID, muscleID) VALUES (352, 7);
INSERT INTO equipment_in_exercises (exerciseID, equipmentID) VALUES (352, 4);
INSERT INTO exercises (name, difficulty, tips, link) VALUES ('Lats Stretch Variation Two', 0, 'Stand up right and raise your hand to a full stretch above your head. Slowly lean across your body and trace the opposite hand down your leg. Hold at the bottom of the stretch, return to starting position and then switch sides. ', 'https://youtu.be/9RaJgODaf7w');
INSERT INTO muscle_groups_in_exercises (exerciseID, muscleID) VALUES (353, 7);
INSERT INTO equipment_in_exercises (exerciseID, equipmentID) VALUES (353, 4);
INSERT INTO exercises (name, difficulty, tips, link) VALUES ('Lats Stretch Variation One', 0, 'Place both hands on the wall in front of you. Slowly lower your body until you feel the stretch. Hold at the bottom of the stretch, return to starting position. ', 'https://youtu.be/RRcKHHEQ3wI');
INSERT INTO muscle_groups_in_exercises (exerciseID, muscleID) VALUES (354, 7);
INSERT INTO equipment_in_exercises (exerciseID, equipmentID) VALUES (354, 4);
INSERT INTO exercises (name, difficulty, tips, link) VALUES ('Inverted Row', 0, 'Lay underneath a fixed horizontal bar and grab the bar with a wide overhand grip. Pull your body straight up to the bar. Return to the starting position, your arms fully extended. Repeat. ', 'https://youtu.be/EuT4-4OFySE');
INSERT INTO muscle_groups_in_exercises (exerciseID, muscleID) VALUES (355, 7);
INSERT INTO equipment_in_exercises (exerciseID, equipmentID) VALUES (355, 9);
INSERT INTO exercises (name, difficulty, tips, link) VALUES ('Cable Lat Prayer', 2, 'You can use any attachment. Cable should be set all the way to the top of the machine. Grab your attachment and walk a few steps back. Push your butt back to where you are leaning forward. Your ears should be between your arms. Initiate the movement with your shoulders and not your elbows. As you flex at the shoulder joint push your hips forward until your hips meet the attachment. ', 'https://youtu.be/NU08rt0enUk');
INSERT INTO muscle_groups_in_exercises (exerciseID, muscleID) VALUES (356, 7);
INSERT INTO equipment_in_exercises (exerciseID, equipmentID) VALUES (356, 5);
INSERT INTO exercises (name, difficulty, tips, link) VALUES ('Cable Pullover', 1, 'You can use any attachment. Cable should be set all the way to the top of the machine. Grab your attachment and walk a few steps back. Push your butt back to where you are leaning forward somewhat. Initiate the movement with your shoulders and not your elbows. Imagine trying to pull the attachment through your thighs at the bottom. ', 'https://youtu.be/F8b9LUfrmSs');
INSERT INTO muscle_groups_in_exercises (exerciseID, muscleID) VALUES (357, 7);
INSERT INTO equipment_in_exercises (exerciseID, equipmentID) VALUES (357, 5);
INSERT INTO exercises (name, difficulty, tips, link) VALUES ('Cable Pull In', 1, 'Use a handle attachment set all the way to the top of the cable crossover machine. Walk a few steps away from the cable machine. Face your body sideways. Face your palm up toward the ceiling. Then pull your elbow in toward your rib cage. ', 'https://youtu.be/a2-RTmqkXYI');
INSERT INTO muscle_groups_in_exercises (exerciseID, muscleID) VALUES (358, 7);
INSERT INTO equipment_in_exercises (exerciseID, equipmentID) VALUES (358, 5);
INSERT INTO muscle_groups_in_exercises (exerciseID, muscleID) VALUES (44, 7);
INSERT INTO exercises (name, difficulty, tips, link) VALUES ('Band Pullover', 1, 'Place the band just above our level. Take a few steps away until the band is taut. Push your hips back slightly. Extend and flex at the shoulder joint. ', 'https://youtu.be/B2NdJotmVWg');
INSERT INTO muscle_groups_in_exercises (exerciseID, muscleID) VALUES (359, 7);
INSERT INTO equipment_in_exercises (exerciseID, equipmentID) VALUES (359, 6);
INSERT INTO exercises (name, difficulty, tips, link) VALUES ('Band Row', 0, 'Stand on your band with both feet. Hinge forward at the hips while keeping a flat back. Let your arms hang freely, then pull your elbows straight back toward the ceiling. ', 'https://youtu.be/mbaGqVotoG4');
INSERT INTO muscle_groups_in_exercises (exerciseID, muscleID) VALUES (360, 7);
INSERT INTO equipment_in_exercises (exerciseID, equipmentID) VALUES (360, 6);
INSERT INTO exercises (name, difficulty, tips, link) VALUES ('Dumbbell Row Unilateral', 0, 'Brace your off arm against something stable (bench, box). Stagger your stance so your leg on the side of your working arm is back. Try to get your torso to parallel with the ground. That will extend your range of motion. Let your arm hang freely and then pull your elbow back. Imagine you''ve got a tennis ball in your armpit and squeeze it each rep. ', 'https://www.youtube.com/watch?v=r4-3p0KgEA8');
INSERT INTO muscle_groups_in_exercises (exerciseID, muscleID) VALUES (361, 7);
INSERT INTO equipment_in_exercises (exerciseID, equipmentID) VALUES (361, 2);
INSERT INTO muscle_groups_in_exercises (exerciseID, muscleID) VALUES (45, 7);
INSERT INTO muscle_groups_in_exercises (exerciseID, muscleID) VALUES (46, 7);
INSERT INTO muscle_groups_in_exercises (exerciseID, muscleID) VALUES (47, 7);
INSERT INTO muscle_groups_in_exercises (exerciseID, muscleID) VALUES (48, 7);
INSERT INTO muscle_groups_in_exercises (exerciseID, muscleID) VALUES (49, 7);
INSERT INTO muscle_groups_in_exercises (exerciseID, muscleID) VALUES (50, 7);
INSERT INTO exercises (name, difficulty, tips, link) VALUES ('Dumbbell Pullover', 1, 'Grab a dumbbell and hold with both hands. Point your dumbbell at the ceiling. Flex at the shoulder joint while keeping your elbows mostly extended. Flex until you feel a stretch in your lats then bring the dumbbell back to the ceiling. ', '');
INSERT INTO muscle_groups_in_exercises (exerciseID, muscleID) VALUES (362, 7);
INSERT INTO equipment_in_exercises (exerciseID, equipmentID) VALUES (362, 2);
INSERT INTO muscle_groups_in_exercises (exerciseID, muscleID) VALUES (51, 7);
INSERT INTO muscle_groups_in_exercises (exerciseID, muscleID) VALUES (52, 7);
INSERT INTO muscle_groups_in_exercises (exerciseID, muscleID) VALUES (53, 7);
INSERT INTO muscle_groups_in_exercises (exerciseID, muscleID) VALUES (54, 7);
INSERT INTO exercises (name, difficulty, tips, link) VALUES ('Dumbbell Renegade Row', 1, 'Start by getting into a plank position with a dumbbell in each hand. Your feet should be shoulder-width apart and your hands should be placed on the dumbbells, with your palms facing each other. From this starting position, row one dumbbell up towards your chest, keeping your elbow close to your body and your core engaged. Slowly lower the dumbbell back down to the starting position, and repeat on the other side. Make sure to keep your body straight and your hips level throughout the movement. ', '');
INSERT INTO muscle_groups_in_exercises (exerciseID, muscleID) VALUES (363, 7);
INSERT INTO equipment_in_exercises (exerciseID, equipmentID) VALUES (363, 2);
INSERT INTO exercises (name, difficulty, tips, link) VALUES ('Dumbbell Shoulder Extension', 1, 'Start by hinging over with your feet shoulder-width apart and holding a dumbbell in each hand. Bring the dumbbells to your sides, with your palms facing forward and your elbows slightly bent. Make sure to keep your core engaged and your back straight throughout the movement. ', '');
INSERT INTO muscle_groups_in_exercises (exerciseID, muscleID) VALUES (364, 7);
INSERT INTO equipment_in_exercises (exerciseID, equipmentID) VALUES (364, 2);
INSERT INTO muscle_groups_in_exercises (exerciseID, muscleID) VALUES (55, 7);
INSERT INTO muscle_groups_in_exercises (exerciseID, muscleID) VALUES (56, 7);
INSERT INTO exercises (name, difficulty, tips, link) VALUES ('Plate Alternating Deadstop Row', 1, 'Stand with your feet shoulder width apart. Hold each plate to the side of you. Bend forward at the hips bringing the plates to the floor while you slightly bend your knees, keeping your back straight. One at a time, lift the plate up. Return the plate to the floor and do the other side. ', '');
INSERT INTO muscle_groups_in_exercises (exerciseID, muscleID) VALUES (365, 7);
INSERT INTO equipment_in_exercises (exerciseID, equipmentID) VALUES (365, 7);
INSERT INTO exercises (name, difficulty, tips, link) VALUES ('Plate Glute Bridge to Pullover', 0, 'Lay flat on the ground with a plate on your chest. Push your hips up toward the ceiling and maintain that extended position. Extend your elbows mostly, break at the shoulder joint while maintaining hip extension and the slight bend in your elbows. Let the plate tap the floor (or get close) and then pull the plate back into the starting position. ', '');
INSERT INTO muscle_groups_in_exercises (exerciseID, muscleID) VALUES (366, 7);
INSERT INTO equipment_in_exercises (exerciseID, equipmentID) VALUES (366, 7);
INSERT INTO muscle_groups_in_exercises (exerciseID, muscleID) VALUES (58, 7);
INSERT INTO muscle_groups_in_exercises (exerciseID, muscleID) VALUES (59, 7);
INSERT INTO muscle_groups_in_exercises (exerciseID, muscleID) VALUES (60, 7);
INSERT INTO muscle_groups_in_exercises (exerciseID, muscleID) VALUES (61, 7);
INSERT INTO exercises (name, difficulty, tips, link) VALUES ('TRX Single Arm row', 1, 'Hold the TRX strap with one hand. Lean back until the strap is taut. Fully extend your elbow. Pull your elbow behind the body. Make sure to avoid twisting. Try to keep your shoulders even. ', '');
INSERT INTO muscle_groups_in_exercises (exerciseID, muscleID) VALUES (367, 7);
INSERT INTO equipment_in_exercises (exerciseID, equipmentID) VALUES (367, 8);
INSERT INTO muscle_groups_in_exercises (exerciseID, muscleID) VALUES (43, 7);
INSERT INTO muscle_groups_in_exercises (exerciseID, muscleID) VALUES (42, 7);
INSERT INTO muscle_groups_in_exercises (exerciseID, muscleID) VALUES (57, 7);
INSERT INTO exercises (name, difficulty, tips, link) VALUES ('Plate Pinch Grip Deadlift', 1, 'Stand facing the plate with your feet shoulder-width apart and the plate positioned between your feet. Bend down and grasp the plate from the top edges with both hands, making sure your thumbs and fingers are evenly spaced. Keep your back straight, chest up and core engaged, and stand up with the plate, keeping it close to your body. Lower the plate back down to the ground, keeping control and maintaining good posture. ', '');
INSERT INTO muscle_groups_in_exercises (exerciseID, muscleID) VALUES (368, 7);
INSERT INTO equipment_in_exercises (exerciseID, equipmentID) VALUES (368, 7);
INSERT INTO muscle_groups_in_exercises (exerciseID, muscleID) VALUES (112, 7);
INSERT INTO exercises (name, difficulty, tips, link) VALUES ('TRX Ab Rollout', 2, 'Grasp the TRX handles with both hands, keeping your arms extended and your shoulders away from your ears. Keep your abs engaged, roll forward onto your toes, and extend your arms in front of you. Slowly lower your body down to the ground, keeping your arms straight and your abs engaged. When your head gets between your arms, pause for a moment and then use your abs to pull your body back up to the starting position. ', '');
INSERT INTO muscle_groups_in_exercises (exerciseID, muscleID) VALUES (369, 7);
INSERT INTO equipment_in_exercises (exerciseID, equipmentID) VALUES (369, 8);
INSERT INTO exercises (name, difficulty, tips, link) VALUES ('TRX Kneeling Ab Rollout', 1, 'Begin in a kneeling position with the TRX straps adjusted to mid-calf length. Grasp the TRX handles with both hands, keeping your arms extended and your shoulders away from your ears. Keep your abs engaged, roll forward onto your toes, and extend your arms in front of you. Slowly lower your body down to the ground, keeping your arms straight and your abs engaged. ', '');
INSERT INTO muscle_groups_in_exercises (exerciseID, muscleID) VALUES (370, 7);
INSERT INTO equipment_in_exercises (exerciseID, equipmentID) VALUES (370, 8);
INSERT INTO muscle_groups (name) VALUES ('Hamstrings');
INSERT INTO exercises (name, difficulty, tips, link) VALUES ('Barbell Stiff Leg Deadlifts', 1, 'Stand with a barbell at your shins with your feet shoulder width apart. Bend forward at your hips and keep your knees as fully extended as possible. Grab the barbell and then extend your hips while maintaining a straight back. From the standing position, lower the weight in a controlled manner. You can either lower the weight to the floor or before you touch the floor, depending on your mobility. ', 'https://www.youtube.com/watch?v=xr-bEXafYRg%7C');
INSERT INTO muscle_groups_in_exercises (exerciseID, muscleID) VALUES (371, 8);
INSERT INTO equipment_in_exercises (exerciseID, equipmentID) VALUES (371, 1);
INSERT INTO exercises (name, difficulty, tips, link) VALUES ('Machine Hamstring Curl', 0, 'Lay down on the machine, placing your legs beneath the padded lever. Position your legs so that the padded lever is below your calve muscles. Support yourself by grabbing the side handles of the machine, and slowly raise the weight with your legs, toes pointed straight. Pause at the apex of the motion, then slowly return to starting position. ', 'https://www.youtube.com/watch?v=KXYwW0v9gpM%7C');
INSERT INTO muscle_groups_in_exercises (exerciseID, muscleID) VALUES (372, 8);
INSERT INTO equipment_in_exercises (exerciseID, equipmentID) VALUES (372, 10);
INSERT INTO exercises (name, difficulty, tips, link) VALUES ('Ball Hamstring Curl', 1, 'Lay on your back with a stability ball underneath your feet. Fully extend your knees and hips simultaneously. Flex your knees while keeping your hips extended. Flex your hamstrings and then return to the starting position. ', 'https://www.youtube.com/watch?v=08topj65M-8%7C');
INSERT INTO muscle_groups_in_exercises (exerciseID, muscleID) VALUES (373, 8);
INSERT INTO equipment_in_exercises (exerciseID, equipmentID) VALUES (373, 9);
INSERT INTO exercises (name, difficulty, tips, link) VALUES ('Kettlebell Deadlift', 0, 'Stand with your feet shoulder width apart holding the kettlebell with both hands in front of your thighs. Bend forward at the hips bringing the kettlebell to the floor while you slightly bend your knees, keeping your back straight. Return to standing position and repeat. ', 'https://youtu.be/Cenw3VFlmWc');
INSERT INTO muscle_groups_in_exercises (exerciseID, muscleID) VALUES (374, 8);
INSERT INTO equipment_in_exercises (exerciseID, equipmentID) VALUES (374, 3);
INSERT INTO exercises (name, difficulty, tips, link) VALUES ('Kettlebell Swing', 1, 'Stand with your feet slightly wider than shoulder width apart holding the kettlebell between your legs, with your knees slightly bent. Keeping your back straight, swing the kettlebell upwards until the kettlebell is level with your chest and carefully lower. Repeat ', 'https://youtu.be/VdgDAbEnNLg');
INSERT INTO muscle_groups_in_exercises (exerciseID, muscleID) VALUES (375, 8);
INSERT INTO equipment_in_exercises (exerciseID, equipmentID) VALUES (375, 3);
INSERT INTO exercises (name, difficulty, tips, link) VALUES ('Kettlebell Single Leg Deadlift', 2, 'Stand with your feet shoulder width apart, lifting one foot off the floor behind you. Hold the kettlebell in the same arm as the lifted leg. Bend forward at the hips bringing the kettlebell to the floor while you extend your lifted leg behind you, keeping your back straight - holding out your arm to the side for balance. Return to the upright position and repeat. ', 'https://youtu.be/vgX-tyU6SqI');
INSERT INTO muscle_groups_in_exercises (exerciseID, muscleID) VALUES (376, 8);
INSERT INTO equipment_in_exercises (exerciseID, equipmentID) VALUES (376, 3);
INSERT INTO exercises (name, difficulty, tips, link) VALUES ('Kettlebell Staggered Deadlift', 0, 'Stand with your feet shoulder width apart, shifting one foot behind you. Hold the kettlebell in both hands in front of your thighs. Bend forward at the hips bringing the kettlebell to the floor while you slightly bend your knees and keep your back straight. Return to the upright position and repeat. ', 'https://youtu.be/sjeoL90gh-A');
INSERT INTO muscle_groups_in_exercises (exerciseID, muscleID) VALUES (377, 8);
INSERT INTO equipment_in_exercises (exerciseID, equipmentID) VALUES (377, 3);
INSERT INTO exercises (name, difficulty, tips, link) VALUES ('Hamstrings Stretch Variation Four', 0, 'Sit on the floor with your legs out in front of you. Reach forward to try and touch your toes. Reach as far forward as you can go. Hold the stretch for a few seconds then return to starting position. ', 'https://youtu.be/FNPn7zd_HY4');
INSERT INTO muscle_groups_in_exercises (exerciseID, muscleID) VALUES (378, 8);
INSERT INTO equipment_in_exercises (exerciseID, equipmentID) VALUES (378, 4);
INSERT INTO exercises (name, difficulty, tips, link) VALUES ('Hamstrings Stretch Variation Three', 0, 'Sit on the floor with one leg outstretched and the other bent at the knee, foot resting on the opposite inner thigh. Reach forward to touch the toes of the outstretched leg. Hold the stretch for a few seconds then return to starting position. ', 'https://youtu.be/MD903_L80HM');
INSERT INTO muscle_groups_in_exercises (exerciseID, muscleID) VALUES (379, 8);
INSERT INTO equipment_in_exercises (exerciseID, equipmentID) VALUES (379, 4);
INSERT INTO exercises (name, difficulty, tips, link) VALUES ('Hamstrings Stretch Variation Two', 0, 'Bend your rear leg as much as you can, keeping the front leg straight. Hold the stretch for a few seconds then return to starting position. Stand with one foot in front of the other. ', 'https://youtu.be/BNMW-IbFBuw');
INSERT INTO muscle_groups_in_exercises (exerciseID, muscleID) VALUES (380, 8);
INSERT INTO equipment_in_exercises (exerciseID, equipmentID) VALUES (380, 4);
INSERT INTO exercises (name, difficulty, tips, link) VALUES ('Hamstrings Stretch Variation One', 0, 'Lie down with your legs reaching up the wall. your bum should be slightly off the floor. Bend one leg and leave the other outstretched. Push your thigh towards the wall. Hold the stretch for a few seconds then return to starting position. ', 'https://youtu.be/xChPnUS2qDM');
INSERT INTO muscle_groups_in_exercises (exerciseID, muscleID) VALUES (381, 8);
INSERT INTO equipment_in_exercises (exerciseID, equipmentID) VALUES (381, 4);
INSERT INTO exercises (name, difficulty, tips, link) VALUES ('Good Mornings', 0, 'Stand with your feet a little past shoulder width apart with a slight bend at your knee. Place your hands behind the back of your head. Keeping your back straight, rotate your hips to bring your shoulders down towards the floor. Stop when your chest is parallel with the floor. ', 'https://youtu.be/Zd_1yd6VtiA');
INSERT INTO muscle_groups_in_exercises (exerciseID, muscleID) VALUES (382, 8);
INSERT INTO equipment_in_exercises (exerciseID, equipmentID) VALUES (382, 9);
INSERT INTO exercises (name, difficulty, tips, link) VALUES ('Kickbacks', 0, 'Get down on all fours and position your hands under your shoulders and your knees under your hips. Kick back with one leg and squeeze your glutes. Slowly return to starting position by bending your knee and lowering your leg. Switch Legs. Repeat. ', 'https://youtu.be/qUMeeIxJLwU');
INSERT INTO muscle_groups_in_exercises (exerciseID, muscleID) VALUES (383, 8);
INSERT INTO equipment_in_exercises (exerciseID, equipmentID) VALUES (383, 9);
INSERT INTO exercises (name, difficulty, tips, link) VALUES ('Single Legged Romanian Deadlifts', 0, 'Stand with your feet shoulder-width apart and knees slightly bent and raise one leg. Without changing the bend in your knee, bend at your hips, and lower your torso until it''s almost parallel to the floor. Tense your glutes and then bring yourself back to the starting position. ', 'https://youtu.be/gb3VAvmhW84');
INSERT INTO muscle_groups_in_exercises (exerciseID, muscleID) VALUES (384, 8);
INSERT INTO equipment_in_exercises (exerciseID, equipmentID) VALUES (384, 9);
INSERT INTO exercises (name, difficulty, tips, link) VALUES ('Nordic Hamstring Curl', 2, 'Go to your knees and ask someone to hold your ankles. Put your hands in front of you With a slight bend in your knees slowly bring your body to the ground (slower is better) Push up and reset to the starting position. ', 'https://youtu.be/u0E2RHm7adQ');
INSERT INTO muscle_groups_in_exercises (exerciseID, muscleID) VALUES (385, 8);
INSERT INTO equipment_in_exercises (exerciseID, equipmentID) VALUES (385, 9);
INSERT INTO exercises (name, difficulty, tips, link) VALUES ('Cable Romanian Deadlift', 1, 'Start with a straight bar or ez bar attachment set to the bottom of the machine. Squat the weight up into a standing position and walk a few steps back Push your butt back to initiate the movement and then push your butt forward until you''re back in a standing position. To protect yourself from injury, always maintain a flat back on any exercise. ', 'https://youtu.be/tvpB7UAuIsQ');
INSERT INTO muscle_groups_in_exercises (exerciseID, muscleID) VALUES (386, 8);
INSERT INTO equipment_in_exercises (exerciseID, equipmentID) VALUES (386, 5);
INSERT INTO exercises (name, difficulty, tips, link) VALUES ('Cable Single Leg Deadlift', 2, 'Start with a straight bar or easy bar attachment. Squat the weight up into a standing position and walk a few steps back. Push your butt back to initiate the movement while lifting one of your legs.;
Then push your butt forward until you''re back in a standing position. Compete your given amount of reps, then switch to opposite leg. To protect yourself from injury, always maintain a flat back. ', 'https://youtu.be/o5mZqPf4ui4');
INSERT INTO muscle_groups_in_exercises (exerciseID, muscleID) VALUES (387, 8);
INSERT INTO equipment_in_exercises (exerciseID, equipmentID) VALUES (387, 5);
INSERT INTO exercises (name, difficulty, tips, link) VALUES ('Cable Pull Through', 0, 'This exercise works best with a rope attachment but can be done with anything. The attachment should be set to the bottom of the machine. Face away from the cable machine, straddle the cable itself, and grab the attachment.;
Walk a few steps away. Break at the hips while maintaining a flat back and mostly extended knees. Push hips forward until you are back in a standing position. ', 'https://youtu.be/XkbWQxxop24');
INSERT INTO muscle_groups_in_exercises (exerciseID, muscleID) VALUES (388, 8);
INSERT INTO equipment_in_exercises (exerciseID, equipmentID) VALUES (388, 5);
INSERT INTO exercises (name, difficulty, tips, link) VALUES ('Cable Hamstring Curl', 2, 'Use an ankle attachment with the cable set all the way to the bottom of the machine. Stand upright or try bending slightly forward. Flex at the knee and pull your ankle straight back. ', 'https://youtu.be/UYagDx37xbA');
INSERT INTO muscle_groups_in_exercises (exerciseID, muscleID) VALUES (389, 8);
INSERT INTO equipment_in_exercises (exerciseID, equipmentID) VALUES (389, 5);
INSERT INTO exercises (name, difficulty, tips, link) VALUES ('Band Good Morning', 0, 'Anchor the band at hip level. Take a few steps away until the band is taut. Push your hips back while keeping your back flat until you feel a stretch in your hamstrings. ', 'https://youtu.be/u6QU-NFU9UY');
INSERT INTO muscle_groups_in_exercises (exerciseID, muscleID) VALUES (390, 8);
INSERT INTO equipment_in_exercises (exerciseID, equipmentID) VALUES (390, 6);
INSERT INTO exercises (name, difficulty, tips, link) VALUES ('Band Pullthrough', 0, 'Anchor the band to the lowest point possible. Straddle the band and then grab with both hands. Take a few steps away until the band is taut. Push your butt back until you feel a stretch in your hamstrings. Then extend the hips back into the starting position. ', 'https://youtu.be/iwmahuZY8ss');
INSERT INTO muscle_groups_in_exercises (exerciseID, muscleID) VALUES (391, 8);
INSERT INTO equipment_in_exercises (exerciseID, equipmentID) VALUES (391, 6);
INSERT INTO exercises (name, difficulty, tips, link) VALUES ('Band Romanian Deadlift', 1, 'Stand on your band with both feet. Hinge forward at the hips while keeping a flat back. Hinge until you feel a stretch in your hamstrings. Push your hips back forward until you are in a standing position. ', 'https://youtu.be/3_4lEB8nKyA');
INSERT INTO muscle_groups_in_exercises (exerciseID, muscleID) VALUES (392, 8);
INSERT INTO equipment_in_exercises (exerciseID, equipmentID) VALUES (392, 6);
INSERT INTO exercises (name, difficulty, tips, link) VALUES ('Dumbbell Goblet Good Morning', 2, 'Hold the dumbbell in a goblet position. With your elbows directly under your fists. Push your hips back while leaving your knees MOSTLY extended. You should feel a stretch in your hamstrings. When you feel the stretch push your hips forward until you''re back in a standing position. ', 'https://youtu.be/bYSV8hDuTUs');
INSERT INTO muscle_groups_in_exercises (exerciseID, muscleID) VALUES (393, 8);
INSERT INTO equipment_in_exercises (exerciseID, equipmentID) VALUES (393, 2);
INSERT INTO exercises (name, difficulty, tips, link) VALUES ('Dumbbell Romanian Deadlift', 1, 'Stand with a shoulder width stance. Push your butt back while leaving your knees MOSTLY extended. You should feel a stretch in your hamstrings. When you feel the stretch, push your hips forward to complete the rep. Do not push your hips all the way forward. This will hyperextend your spine. Just go to a normal standing position. ', 'https://youtu.be/N2rh2wo0nGE');
INSERT INTO muscle_groups_in_exercises (exerciseID, muscleID) VALUES (394, 8);
INSERT INTO equipment_in_exercises (exerciseID, equipmentID) VALUES (394, 2);
INSERT INTO exercises (name, difficulty, tips, link) VALUES ('Barbell High Bar Good Morning', 2, 'Place the bar on your traps. You may need a pad so the bar doesn''t dig into your cervical spine. Push your hips straight back. Your knees should stay MOSTLY extended (think soft knees). Also make sure to Look for what feels like a stretch in your hamstrings. The stretch feeling means you''re likely nearing the end of your Range of Motion without rounding your spine. When you feel the stretch push your hips forward until you''re in a standing position. ', 'https://youtu.be/5jFBLa6jYdM');
INSERT INTO muscle_groups_in_exercises (exerciseID, muscleID) VALUES (395, 8);
INSERT INTO equipment_in_exercises (exerciseID, equipmentID) VALUES (395, 1);
INSERT INTO exercises (name, difficulty, tips, link) VALUES ('Barbell Low Bar Good Morning', 2, 'Place the bar between your traps and rear delts. Pull your shoulder blades back to give the bar a shelf to sit on. Push your hips back until you feel a stretch in your hamstrings. This means you''re nearing the end of your Range of Motion with out rounding your spine. When you feel the stretch push your hips forward until you''e in a standing position. ', 'https://youtu.be/P_KnGXBnh9U');
INSERT INTO muscle_groups_in_exercises (exerciseID, muscleID) VALUES (396, 8);
INSERT INTO equipment_in_exercises (exerciseID, equipmentID) VALUES (396, 1);
INSERT INTO exercises (name, difficulty, tips, link) VALUES ('Barbell Staggered Deadlift', 2, 'Place one foot behind. You should only be on your toes on that back foot. Your front foot should be planted flat the entire time. Bend your back knee and push your hips back. Look for a stretch in your front hamstring. When you feel the stretch, push your hips forward again until you''re back in a standing position. ', 'https://youtu.be/y8AU_ZLL7So');
INSERT INTO muscle_groups_in_exercises (exerciseID, muscleID) VALUES (397, 8);
INSERT INTO equipment_in_exercises (exerciseID, equipmentID) VALUES (397, 1);
INSERT INTO exercises (name, difficulty, tips, link) VALUES ('Barbell Single Leg Deadlift', 2, 'Start by pushing your hips straight back and extending your non-working leg behind you. It is ok to touch your other foot back to the ground each rep. Leave your knee mostly extended. Look for a stretch in your hamstring. When you feel the stretch, push your hips forward until you''re back in a standing position. ', 'https://youtu.be/TjIR_gC-Eiw');
INSERT INTO muscle_groups_in_exercises (exerciseID, muscleID) VALUES (398, 8);
INSERT INTO equipment_in_exercises (exerciseID, equipmentID) VALUES (398, 1);
INSERT INTO exercises (name, difficulty, tips, link) VALUES ('Barbell Romanian Deadlift', 1, 'Take a shoulder width, double overhand or mixed grip. Push your hips back while leaving your knees mostly extended. Look for a stretch in your hamstrings. When you feel the stretch, push your hips forward until you''re back in a standing position. ', 'https://youtu.be/v7Dc3lcct3M');
INSERT INTO muscle_groups_in_exercises (exerciseID, muscleID) VALUES (399, 8);
INSERT INTO equipment_in_exercises (exerciseID, equipmentID) VALUES (399, 1);
INSERT INTO exercises (name, difficulty, tips, link) VALUES ('Kettlebell Goblet Good Morning', 0, 'Stand with your feet shoulder width apart holding the kettlebell with both hands in front of your chest. Bend forward at the hips keeping your back and knees straight and the kettlebell close to your chest. Return to standing position and thrust your pelvis forward. ', 'https://youtu.be/NaxfFSPhR6A');
INSERT INTO muscle_groups_in_exercises (exerciseID, muscleID) VALUES (400, 8);
INSERT INTO equipment_in_exercises (exerciseID, equipmentID) VALUES (400, 3);
INSERT INTO exercises (name, difficulty, tips, link) VALUES ('Barbell Snatch Grip Deadlift', 2, 'Start by standing with your feet about hip-width apart, with your toes pointed slightly outward. Place a barbell on the floor in front of you, with the weight plates on either side. Make sure that the bar is directly in line with your feet. Bend down and grab the barbell with an overhand grip, your hands much wider than shoulder-width apart. Keep your back straight and your shoulders down as you grip the bar. Stand up straight, lifting the barbell off the ground and pulling it toward your hips. Keep your elbows close to your body and your shoulders down as you do this. Slowly lower the barbell back to the ground, making sure to keep your back straight and your shoulders down throughout the movement. ', '');
INSERT INTO muscle_groups_in_exercises (exerciseID, muscleID) VALUES (401, 8);
INSERT INTO equipment_in_exercises (exerciseID, equipmentID) VALUES (401, 1);
INSERT INTO exercises (name, difficulty, tips, link) VALUES ('Barbell Snatch Grip Romanian Deadlift', 2, 'Start by standing with your feet about hip-width apart. The bar should be in a rack or box so it''s lifted off the ground. Grab the barbell with an overhand grip, your hands should be much wider than shoulder-width apart. Hing forward at the hips keeping your knees mostly extended. Hinge until you feel a stretch in your hamstrings. When you feel the stretch, push your hips forward until you are back in a standing position. ', '');
INSERT INTO muscle_groups_in_exercises (exerciseID, muscleID) VALUES (402, 8);
INSERT INTO equipment_in_exercises (exerciseID, equipmentID) VALUES (402, 1);
INSERT INTO exercises (name, difficulty, tips, link) VALUES ('Barbell Zercher Good Morning', 2, 'Begin by standing with your feet about hip-width apart and holding a barbell in the crook of your elbows, with your palms facing towards your body. Keeping your core engaged and your back straight, bend at the hips and lower your torso forward until it is nearly parallel to the ground. Push through your heels to extend your hips and raise your body back to the starting position. ', '');
INSERT INTO muscle_groups_in_exercises (exerciseID, muscleID) VALUES (403, 8);
INSERT INTO equipment_in_exercises (exerciseID, equipmentID) VALUES (403, 1);
INSERT INTO exercises (name, difficulty, tips, link) VALUES ('Dumbbell Leg Curl', 0, 'Lay flat on a bench with a dumbbell between your feet. Flex your knees and raise the dumbbell until the soles of your shoes are pointed at the ceiling. ', '');
INSERT INTO muscle_groups_in_exercises (exerciseID, muscleID) VALUES (404, 8);
INSERT INTO equipment_in_exercises (exerciseID, equipmentID) VALUES (404, 2);
INSERT INTO exercises (name, difficulty, tips, link) VALUES ('Dumbbell Single Leg Single Arm Deadlift', 2, 'Start by standing on one leg with a dumbbell in one hand. Slowly bend at the hips and lower the dumbbell towards the ground while extending your free leg behind you. Keep your core engaged and your back straight as you lower the weight. Once the dumbbell is close to the ground, push through your heel to return to the starting position. ', '');
INSERT INTO muscle_groups_in_exercises (exerciseID, muscleID) VALUES (405, 8);
INSERT INTO equipment_in_exercises (exerciseID, equipmentID) VALUES (405, 2);
INSERT INTO exercises (name, difficulty, tips, link) VALUES ('Dumbbell Single Leg Stiff Leg Deadlift', 1, 'Start by standing on one leg with your feet shoulder-width apart and holding two dumbbells. From this starting position, hinge at the hips to lower the dumbbell towards the ground, keeping your back straight and your core engaged. Once you feel a stretch in your hamstring, slowly return to the starting position. Make sure to keep your standing leg slightly bent and avoid rounding your back as you lower the dumbbell. ', '');
INSERT INTO muscle_groups_in_exercises (exerciseID, muscleID) VALUES (406, 8);
INSERT INTO equipment_in_exercises (exerciseID, equipmentID) VALUES (406, 2);
INSERT INTO exercises (name, difficulty, tips, link) VALUES ('Dumbbell Staggered Deadlift', 1, 'Start by standing with your feet shoulder-width apart and holding a dumbbell in each hand. Place one foot slightly behind the other, with the heel of your back foot elevated on a step or weight plate. From this starting position, bend at the hips and knees to lower the dumbbells towards the ground, keeping your back straight and your core engaged. Once the dumbbells are below your knees, drive through your heels to stand back up to the starting position. ', '');
INSERT INTO muscle_groups_in_exercises (exerciseID, muscleID) VALUES (407, 8);
INSERT INTO equipment_in_exercises (exerciseID, equipmentID) VALUES (407, 2);
INSERT INTO exercises (name, difficulty, tips, link) VALUES ('Dumbbell Swing', 0, 'Start by standing with your feet shoulder-width apart and holding a dumbbell in both hands. Bend your knees slightly and hinge at the hips to swing the dumbbell between your legs. From this starting position, explosively extend your hips and swing the dumbbell up to chest height. Allow the momentum of the swing to carry the dumbbell back down between your legs, and then repeat the movement for the desired number of repetitions. ', '');
INSERT INTO muscle_groups_in_exercises (exerciseID, muscleID) VALUES (408, 8);
INSERT INTO equipment_in_exercises (exerciseID, equipmentID) VALUES (408, 2);
INSERT INTO exercises (name, difficulty, tips, link) VALUES ('Plate Single Leg Pinch Grip Deadlift', 1, 'Stand with your feet shoulder-width apart and facing forwards. Grip the sides of a weight plate with your palms facing down. Balance on one foot, as you raise the weight keep your arms and back straight, while you bring your other foot back towards the ground Keep four raised leg straight and in alignment with your back as you lower the plate back down to the starting position. ', '');
INSERT INTO muscle_groups_in_exercises (exerciseID, muscleID) VALUES (409, 8);
INSERT INTO equipment_in_exercises (exerciseID, equipmentID) VALUES (409, 7);
INSERT INTO muscle_groups_in_exercises (exerciseID, muscleID) VALUES (215, 8);
INSERT INTO exercises (name, difficulty, tips, link) VALUES ('Band Leg Curl', 0, 'Loop the band around a sturdy anchor point such as a weightlifting rack or a door handle. Lie on your back with your heels placed inside the band. Make sure the band is centered under your heels and your feet are hip-width apart. Using your hamstrings, curl your heels towards your glutes while keeping your hips on the ground. ', '');
INSERT INTO muscle_groups_in_exercises (exerciseID, muscleID) VALUES (410, 8);
INSERT INTO equipment_in_exercises (exerciseID, equipmentID) VALUES (410, 6);
INSERT INTO exercises (name, difficulty, tips, link) VALUES ('Plate Staggered Deadlift', 2, 'Start by standing with your feet shoulder-width apart and holding a weight plate. Place one foot slightly behind the other, with the heel of your back foot elevated. From this starting position, bend at the hips and knees to lower the plate towards the ground, keeping your back straight and your core engaged. Once the plate is below your knees, drive through your heels to stand back up to the starting position. ', '');
INSERT INTO muscle_groups_in_exercises (exerciseID, muscleID) VALUES (411, 8);
INSERT INTO equipment_in_exercises (exerciseID, equipmentID) VALUES (411, 7);
INSERT INTO exercises (name, difficulty, tips, link) VALUES ('Plate Staggered Pinch Grip Deadlift', 2, 'Start by standing with your feet shoulder-width apart and holding two plates with a pinch grip. Place one foot slightly behind the other, with the heel of your back foot elevated. From this starting position, bend at the hips and knees to lower the plates towards the ground, keeping your back straight and your core engaged. ', '');
INSERT INTO muscle_groups_in_exercises (exerciseID, muscleID) VALUES (412, 8);
INSERT INTO equipment_in_exercises (exerciseID, equipmentID) VALUES (412, 7);
INSERT INTO exercises (name, difficulty, tips, link) VALUES ('TRX Hamstring Curl', 0, 'Start by facing the TRX straps and positioning yourself in a push-up position with your hands on the ground and your feet in the TRX foot cradles. Keeping your core engaged and body in a straight line, bend your knees and bring your heels towards your glutes. Pause for a moment at the top of the movement, then slowly lower your legs back to the starting position. ', '');
INSERT INTO muscle_groups_in_exercises (exerciseID, muscleID) VALUES (413, 8);
INSERT INTO equipment_in_exercises (exerciseID, equipmentID) VALUES (413, 8);
INSERT INTO exercises (name, difficulty, tips, link) VALUES ('Plate Good Morning', 1, 'Stand with feet hip-width apart, the plate held behind the neck and the knees slightly bent. Bend forward at the hips, keeping the back straight, until the torso is parallel to the floor. Push through the hips to return to the starting position. ', '');
INSERT INTO muscle_groups_in_exercises (exerciseID, muscleID) VALUES (414, 8);
INSERT INTO equipment_in_exercises (exerciseID, equipmentID) VALUES (414, 7);
INSERT INTO exercises (name, difficulty, tips, link) VALUES ('Plate Good Morning Anterior', 1, 'Stand with feet hip-width apart, the plate held in front of you, and the knees slightly bent. Bend forward at the hips, keeping the back straight, until the torso is parallel to the floor. Push through the hips to return to the starting position. ', '');
INSERT INTO muscle_groups_in_exercises (exerciseID, muscleID) VALUES (415, 8);
INSERT INTO equipment_in_exercises (exerciseID, equipmentID) VALUES (415, 7);
INSERT INTO muscle_groups_in_exercises (exerciseID, muscleID) VALUES (212, 8);
INSERT INTO exercises (name, difficulty, tips, link) VALUES ('Barbell Suitcase Deadlift', 2, 'Begin by standing with your feet hip-width apart and holding a barbell at one side of your body, with your palms facing your thighs. Keeping your core engaged and your back straight, bend at the hips and knees to lower the barbell down towards the ground. As the barbell reaches the ground, use your legs and glutes to push through your heels and extend your hips and knees to raise your body back to the starting position. Repeat the movement for the desired number of reps, then switch sides and repeat the exercise with the barbell on the opposite side of your body. ', '');
INSERT INTO muscle_groups_in_exercises (exerciseID, muscleID) VALUES (416, 8);
INSERT INTO equipment_in_exercises (exerciseID, equipmentID) VALUES (416, 1);
INSERT INTO muscle_groups_in_exercises (exerciseID, muscleID) VALUES (171, 8);
INSERT INTO muscle_groups (name) VALUES ('Glutes');
INSERT INTO exercises (name, difficulty, tips, link) VALUES ('Glute Bridge', 0, 'Lie down with your knees bent and your feet flat on the floor. Push your hips up so that your butt is elevated and your back straight. Tense your glutes and raise your hips towards the ceiling. Once you are at the highest point you can manage, hold the position for a few seconds, and then slowly return to the starting position ', 'https://youtu.be/QpcZ35uB_08');
INSERT INTO muscle_groups_in_exercises (exerciseID, muscleID) VALUES (417, 9);
INSERT INTO equipment_in_exercises (exerciseID, equipmentID) VALUES (417, 9);
INSERT INTO exercises (name, difficulty, tips, link) VALUES ('Barbell Hip Thrust', 2, 'Sit on the ground with a bench behind you. Have the barbell over your legs just above your hips. Lean back against the bench so that your shoulders are resting upon it, stretch your arms out to either side using the bench as support. Raise the weight by driving through your feet and extending your hips upwards. Support the weight with your shoulders and feet. Slowly extend as far as you can, and then slowly return to the starting position. ', 'https://www.youtube.com/embed/yTnWiBECvLk');
INSERT INTO muscle_groups_in_exercises (exerciseID, muscleID) VALUES (418, 9);
INSERT INTO equipment_in_exercises (exerciseID, equipmentID) VALUES (418, 1);
INSERT INTO exercises (name, difficulty, tips, link) VALUES ('Single Leg Glute Bridge', 0, 'Lie down with one knee bent and and one with a slight bend. Push your hips up, so that your butt is elevated and your back straight. Tense your glutes and raise your hips towards the ceiling. Once you are at the highest point you can manage, hold the position for a few seconds, and then slowly return to the starting position. ', 'https://youtu.be/jCzP6C-qKYo');
INSERT INTO muscle_groups_in_exercises (exerciseID, muscleID) VALUES (419, 9);
INSERT INTO equipment_in_exercises (exerciseID, equipmentID) VALUES (419, 9);
INSERT INTO exercises (name, difficulty, tips, link) VALUES ('Kettlebell Glute Bridge', 0, 'Laying on the floor with your knees bent and feet firmly on the floor, rest the kettlebell on your pelvis. Pushing through the legs and keeping the core muscles engaged, raise your pelvis off the floor until your stomach, pelvis and thighs make a straight line. Slowly lower to the ground to the starting position and repeat. ', 'https://youtu.be/fWU_4ysp0Y8');
INSERT INTO muscle_groups_in_exercises (exerciseID, muscleID) VALUES (420, 9);
INSERT INTO equipment_in_exercises (exerciseID, equipmentID) VALUES (420, 3);
INSERT INTO exercises (name, difficulty, tips, link) VALUES ('Kettlebell Single Leg Glute Bridge', 1, 'Laying on the floor with one knee bent with the foot firmly on the floor and one leg extended, rest the kettlebell on your pelvis. Pushing through the bent leg and keeping the core muscles engaged, raise your pelvis and the extended leg off the floor until your stomach, pelvis and thighs make a straight line. Slowly lower to the ground to the starting position and repeat. ', 'https://youtu.be/wT8izMVvHi8');
INSERT INTO muscle_groups_in_exercises (exerciseID, muscleID) VALUES (421, 9);
INSERT INTO equipment_in_exercises (exerciseID, equipmentID) VALUES (421, 3);
INSERT INTO exercises (name, difficulty, tips, link) VALUES ('Kettlebell Hip Thrust', 0, 'Sitting on the floor with your knees bent and feet planted firmly on the floor, lean your back against the bench. Resting the kettlebell on your pelvis, raise your pelvis until your stomach, pelvis and thighs are in line. Slowly lower until you are in the starting position and repeat. ', 'https://youtu.be/f3KqAL-Q9Qw');
INSERT INTO muscle_groups_in_exercises (exerciseID, muscleID) VALUES (422, 9);
INSERT INTO equipment_in_exercises (exerciseID, equipmentID) VALUES (422, 3);
INSERT INTO exercises (name, difficulty, tips, link) VALUES ('Kettlebell Single Leg Hip Thrust', 1, 'Sitting on the floor with one knee bent with the foot firmly on the floor and one leg extended, lean your back against the bench. Resting the kettlebell on your pelvis, raise your pelvis until your stomach, pelvis and thighs are in line. Slowly lower until you are in the starting position and repeat. ', 'https://youtu.be/yygg5xSI9TI');
INSERT INTO muscle_groups_in_exercises (exerciseID, muscleID) VALUES (423, 9);
INSERT INTO equipment_in_exercises (exerciseID, equipmentID) VALUES (423, 3);
INSERT INTO exercises (name, difficulty, tips, link) VALUES ('Glutes Stretch Variation Three', 0, 'Lay flat and bring your left leg to 90 degrees. Hold your left leg with both hands and slowly rotate your hips to the right hand side. Hold at the peak of the stretch, then slowly return to starting position. Switch sides and repeat. ', 'https://youtu.be/10px3OnzfqU');
INSERT INTO muscle_groups_in_exercises (exerciseID, muscleID) VALUES (424, 9);
INSERT INTO equipment_in_exercises (exerciseID, equipmentID) VALUES (424, 4);
INSERT INTO exercises (name, difficulty, tips, link) VALUES ('Glutes Stretch Variation Two', 0, 'Sit on the ground and lay one leg flat and the other over the top. Hold your leg with the same side arm and slowly rotate your hips and back. Hold at the peak of the stretch, then slowly return to starting position. Switch sides and repeat. ', 'https://youtu.be/gr1NjzfIbNk');
INSERT INTO muscle_groups_in_exercises (exerciseID, muscleID) VALUES (425, 9);
INSERT INTO equipment_in_exercises (exerciseID, equipmentID) VALUES (425, 4);
INSERT INTO exercises (name, difficulty, tips, link) VALUES ('Glutes Stretch Variation One', 0, 'On your front, place one leg forward and then stretch out the same side arm across the mat/floor. Fully extend your leg and arm. Hold at the peak of the stretch, then slowly return to starting position. Switch sides and repeat. ', 'https://youtu.be/2th-SvkjF6A');
INSERT INTO muscle_groups_in_exercises (exerciseID, muscleID) VALUES (426, 9);
INSERT INTO equipment_in_exercises (exerciseID, equipmentID) VALUES (426, 4);
INSERT INTO exercises (name, difficulty, tips, link) VALUES ('Cable Hip Abduction', 0, 'Use an ankle attachment. Cable should be set all the way to the bottom. Face sideways with the ankle attachment on your outside leg. Walk a few steps away. Abduct at the hips and raise your leg out to the side. Return to the starting position and stop just short of your foot touching back to the ground (to keep tension on the muscle). ', 'https://youtu.be/ZPmQ-SUD8_g');
INSERT INTO muscle_groups_in_exercises (exerciseID, muscleID) VALUES (427, 9);
INSERT INTO equipment_in_exercises (exerciseID, equipmentID) VALUES (427, 5);
INSERT INTO exercises (name, difficulty, tips, link) VALUES ('Cable Glute Kickback', 0, 'Use an ankle attachment. The cable should be set to the bottom of the crossover machine. Push your ankle straight back, extending at the hip. Hold for a one count when you feel a contraction in your glutes. Then flex at the hips until you are back into your original position. ', 'https://youtu.be/k-urR-Ytel4');
INSERT INTO muscle_groups_in_exercises (exerciseID, muscleID) VALUES (428, 9);
INSERT INTO equipment_in_exercises (exerciseID, equipmentID) VALUES (428, 5);
INSERT INTO exercises (name, difficulty, tips, link) VALUES ('Band Glute Kickback', 1, 'Get into a quadruped position. Loop the band around both of your wrists and one of your feet. Extend your knee and hip straight back until you feel like contraction in the glutes. Flex at the knee until back in the starting position. ', 'https://youtu.be/51ujdtKLgIc');
INSERT INTO muscle_groups_in_exercises (exerciseID, muscleID) VALUES (429, 9);
INSERT INTO equipment_in_exercises (exerciseID, equipmentID) VALUES (429, 6);
INSERT INTO exercises (name, difficulty, tips, link) VALUES ('Dumbbell Hip Thrust', 0, 'Place your shoulder blades against a box or bench that won''t move. Both your feet should be planted and your heels should not come off the floor. Point your toes forward. Break at the hips. Seek the longest range of motion possible. Focus on the top end of the movement. Push your hips as high as possible on each rep. ', 'https://www.youtube.com/embed/yTnWiBECvLk');
INSERT INTO muscle_groups_in_exercises (exerciseID, muscleID) VALUES (430, 9);
INSERT INTO equipment_in_exercises (exerciseID, equipmentID) VALUES (430, 2);
INSERT INTO muscle_groups_in_exercises (exerciseID, muscleID) VALUES (212, 9);
INSERT INTO muscle_groups_in_exercises (exerciseID, muscleID) VALUES (213, 9);
INSERT INTO exercises (name, difficulty, tips, link) VALUES ('Barbell Glute Bridge', 0, 'Lie on your back on the floor with your knees bent and your feet flat on the ground. Place a barbell across your hips and grasp it with both hands. Keeping your arms straight, push through your heels to lift your hips off the ground and raise the barbell. Hold the bridge position for a moment, then slowly lower your hips back to the starting position. ', '');
INSERT INTO muscle_groups_in_exercises (exerciseID, muscleID) VALUES (431, 9);
INSERT INTO equipment_in_exercises (exerciseID, equipmentID) VALUES (431, 1);
INSERT INTO muscle_groups_in_exercises (exerciseID, muscleID) VALUES (416, 9);
INSERT INTO exercises (name, difficulty, tips, link) VALUES ('Dumbbell Figure Four Glute Bridge', 1, 'Lay flat on the ground with one leg crossed over the other and your heel planted on the ground. Push your hips toward the ceiling and hold for a second. ', '');
INSERT INTO muscle_groups_in_exercises (exerciseID, muscleID) VALUES (432, 9);
INSERT INTO equipment_in_exercises (exerciseID, equipmentID) VALUES (432, 2);
INSERT INTO exercises (name, difficulty, tips, link) VALUES ('Dumbbell Figure Four Hip Thrust', 1, 'Put your shoulder blades on a bench and cross one leg over the other. Start with your hips up. Drop your hips and then push your hips up toward the ceiling. ', '');
INSERT INTO muscle_groups_in_exercises (exerciseID, muscleID) VALUES (433, 9);
INSERT INTO equipment_in_exercises (exerciseID, equipmentID) VALUES (433, 2);
INSERT INTO exercises (name, difficulty, tips, link) VALUES ('Dumbbell Single Leg Glute Bridge', 1, 'Start by lying on your back with your feet flat on the ground and a dumbbell on your hips. Lift one leg off the ground and engage your glutes to raise your hips up towards the ceiling. From this starting position, slowly lower your hips back down to the starting position. ', '');
INSERT INTO muscle_groups_in_exercises (exerciseID, muscleID) VALUES (434, 9);
INSERT INTO equipment_in_exercises (exerciseID, equipmentID) VALUES (434, 2);
INSERT INTO exercises (name, difficulty, tips, link) VALUES ('Dumbbell Single Leg Hip Thrust', 0, 'Start by lying on a bench with your feet flat on the ground and a dumbbell on your hips. Lift one leg off the ground and engage your glutes to raise your hips up towards the ceiling. From this starting position, slowly lower your hips back down to the starting position. ', '');
INSERT INTO muscle_groups_in_exercises (exerciseID, muscleID) VALUES (435, 9);
INSERT INTO equipment_in_exercises (exerciseID, equipmentID) VALUES (435, 2);
INSERT INTO exercises (name, difficulty, tips, link) VALUES ('Dumbbell Staggered Glute Bridge', 0, 'Start by lying on your back with your feet on the ground and a dumbbell in each hand. Place one foot on the ground and the other slightly in front, with your knees bent. From this starting position, raise your hips up off the ground by pushing through your heels and squeezing your glutes. ', '');
INSERT INTO muscle_groups_in_exercises (exerciseID, muscleID) VALUES (436, 9);
INSERT INTO equipment_in_exercises (exerciseID, equipmentID) VALUES (436, 2);
INSERT INTO exercises (name, difficulty, tips, link) VALUES ('Dumbbell Staggered Hip thrust', 0, 'Start by lying on your back on a bench with your feet on the ground and a dumbbell on your hips. Place one foot on the ground and the other slightly in front, with your knees bent. From this starting position, raise your hips up off the ground by pushing through your heels and squeezing your glutes. ', '');
INSERT INTO muscle_groups_in_exercises (exerciseID, muscleID) VALUES (437, 9);
INSERT INTO equipment_in_exercises (exerciseID, equipmentID) VALUES (437, 2);
INSERT INTO muscle_groups_in_exercises (exerciseID, muscleID) VALUES (341, 9);
INSERT INTO exercises (name, difficulty, tips, link) VALUES ('Plate Clean', 1, 'Stand with feet shoulder-width apart and the plate in front of the feet. Bend the knees and hips to pick up the plate, keeping the back straight and core engaged. Stand up while pulling the plate towards the chest. Keep shoulder level while keeping the elbows high and in front of the plate. ', '');
INSERT INTO muscle_groups_in_exercises (exerciseID, muscleID) VALUES (438, 9);
INSERT INTO equipment_in_exercises (exerciseID, equipmentID) VALUES (438, 7);
INSERT INTO exercises (name, difficulty, tips, link) VALUES ('Band Hip Abduction', 1, 'Attach the band around your ankle. Stand with feet hip-width apart, feet facing forward, and hands on hips. Lift your right leg away from your body to the side, keeping your knee straight. This is your starting position. Maintaining proper form, move your right leg as far to the side as you can, keeping your left leg planted firmly on the ground. Hold for a second and then return your right leg to the starting position. ', '');
INSERT INTO muscle_groups_in_exercises (exerciseID, muscleID) VALUES (439, 9);
INSERT INTO equipment_in_exercises (exerciseID, equipmentID) VALUES (439, 6);
INSERT INTO exercises (name, difficulty, tips, link) VALUES ('Band Hip Adduction', 1, 'Attach a band to a stable anchor point, such as a door handle or post. Stand with feet shoulder-width apart and place the band around your ankles. Keeping your feet together, move your legs out to the sides and then back to the midline of your body. Repeat for the desired number of repetitions. ', '');
INSERT INTO muscle_groups_in_exercises (exerciseID, muscleID) VALUES (440, 9);
INSERT INTO equipment_in_exercises (exerciseID, equipmentID) VALUES (440, 6);
INSERT INTO muscle_groups_in_exercises (exerciseID, muscleID) VALUES (202, 9);
INSERT INTO exercises (name, difficulty, tips, link) VALUES ('Barbell Feet Elevated Figure Four Glute Bridge', 1, 'Start by lying flat on your back with your feet resting on top of a box, the barbell placed over your hips, and cross one leg over the other. Push through your heels and raise your hips towards the ceiling, keeping your feet flat on the box. Engage your glutes at the top of the movement, pause briefly and then lower your hips back down to the starting position. ', '');
INSERT INTO muscle_groups_in_exercises (exerciseID, muscleID) VALUES (441, 9);
INSERT INTO equipment_in_exercises (exerciseID, equipmentID) VALUES (441, 1);
INSERT INTO exercises (name, difficulty, tips, link) VALUES ('Barbell Feet Elevated Glute Bridge', 1, 'Start by lying flat on your back with your feet resting on top of a box, the barbell placed over your hips. Push through your heels and raise your hips towards the ceiling, keeping your feet flat on the box. Engage your glutes at the top of the movement, pause briefly and then lower your hips back down to the starting position. ', '');
INSERT INTO muscle_groups_in_exercises (exerciseID, muscleID) VALUES (442, 9);
INSERT INTO equipment_in_exercises (exerciseID, equipmentID) VALUES (442, 1);
INSERT INTO exercises (name, difficulty, tips, link) VALUES ('Barbell Feet Elevated Single Leg Glute Bridge', 2, 'Start by lying flat on your back with your feet resting on top of a box, the barbell placed over your hips. Raise one leg up and off the box. Push through your heels and raise your hips towards the ceiling, keeping your feet flat on the box. Engage your glutes at the top of the movement, pause briefly and then lower your hips back down to the starting position. ', '');
INSERT INTO muscle_groups_in_exercises (exerciseID, muscleID) VALUES (443, 9);
INSERT INTO equipment_in_exercises (exerciseID, equipmentID) VALUES (443, 1);
INSERT INTO exercises (name, difficulty, tips, link) VALUES ('Barbell Feet Elevated Staggered Glute Bridge', 1, 'Start by lying flat on your back with your feet resting on top of a box, the barbell placed over your hips. Place one foot about 6-9 inches in front of the other. Push through your heels and raise your hips towards the ceiling, keeping your feet flat on the box. Engage your glutes at the top of the movement, pause briefly and then lower your hips back down to the starting position. ', '');
INSERT INTO muscle_groups_in_exercises (exerciseID, muscleID) VALUES (444, 9);
INSERT INTO equipment_in_exercises (exerciseID, equipmentID) VALUES (444, 1);
INSERT INTO exercises (name, difficulty, tips, link) VALUES ('Bodyweight Feet Elevated Figure Four Glute Bridge', 1, 'Start by lying on your back with your knees bent and feet on top of a sturdy box, bench or elevated surface. Drive through your heels to lift your hips off the floor, making sure to keep your feet and knees pointing forward. ', '');
INSERT INTO muscle_groups_in_exercises (exerciseID, muscleID) VALUES (445, 9);
INSERT INTO equipment_in_exercises (exerciseID, equipmentID) VALUES (445, 9);
INSERT INTO exercises (name, difficulty, tips, link) VALUES ('Bodyweight Feet Elevated Glute Bridge', 0, 'Start by lying on your back with your knees bent and feet on top of a sturdy box, bench or elevated surface. Drive through your heels to lift your hips off the floor, making sure to keep your feet and knees pointing forward. ', '');
INSERT INTO muscle_groups_in_exercises (exerciseID, muscleID) VALUES (446, 9);
INSERT INTO equipment_in_exercises (exerciseID, equipmentID) VALUES (446, 9);
INSERT INTO exercises (name, difficulty, tips, link) VALUES ('Bodyweight Feet Elevated Single Leg Glute Bridge', 2, 'Start by lying on your back with your knees bent and feet on top of a sturdy box, bench or elevated surface. Lift one leg off the box. Drive through your heel to lift your hips off the floor, making sure to keep your feet and knees pointing forward. ', '');
INSERT INTO muscle_groups_in_exercises (exerciseID, muscleID) VALUES (447, 9);
INSERT INTO equipment_in_exercises (exerciseID, equipmentID) VALUES (447, 9);
INSERT INTO exercises (name, difficulty, tips, link) VALUES ('Bodyweight Feet Elevated Staggered Glute Bridge', 1, 'Start by lying on your back with your knees bent and feet in a staggered position on the box. Drive through your heels to lift your hips off the floor, making sure to keep your feet and knees pointing forward. ', '');
INSERT INTO muscle_groups_in_exercises (exerciseID, muscleID) VALUES (448, 9);
INSERT INTO equipment_in_exercises (exerciseID, equipmentID) VALUES (448, 9);
INSERT INTO exercises (name, difficulty, tips, link) VALUES ('Dumbbell Feet Elevated Figure Four Glute Bridge', 0, 'Start by lying flat on your back with your feet resting on top of a box, the dumbbell placed over your hips, and cross one leg over the other. Push through your heels and raise your hips towards the ceiling, keeping your feet flat on the box. Engage your glutes at the top of the movement, pause briefly and then lower your hips back down to the starting position. ', '');
INSERT INTO muscle_groups_in_exercises (exerciseID, muscleID) VALUES (449, 9);
INSERT INTO equipment_in_exercises (exerciseID, equipmentID) VALUES (449, 2);
INSERT INTO exercises (name, difficulty, tips, link) VALUES ('Dumbbell Feet Elevated Glute Bridge', 0, 'Start by lying on your back with your knees bent and feet on top of a sturdy box, bench or elevated surface. Place a dumbbell over your hips. Drive through your heels to lift your hips off the floor, making sure to keep your feet and knees pointing forward. ', '');
INSERT INTO muscle_groups_in_exercises (exerciseID, muscleID) VALUES (450, 9);
INSERT INTO equipment_in_exercises (exerciseID, equipmentID) VALUES (450, 2);
INSERT INTO exercises (name, difficulty, tips, link) VALUES ('Dumbbell Feet Elevated Single Leg Glute Bridge', 2, 'Start by lying flat on your back with your feet resting on top of a box, the dumbbell placed over your hips. Raise one leg up and off the box. Push through your heels and raise your hips towards the ceiling, keeping your feet flat on the box. Engage your glutes at the top of the movement, pause briefly and then lower your hips back down to the starting position. ', '');
INSERT INTO muscle_groups_in_exercises (exerciseID, muscleID) VALUES (451, 9);
INSERT INTO equipment_in_exercises (exerciseID, equipmentID) VALUES (451, 2);
INSERT INTO exercises (name, difficulty, tips, link) VALUES ('Dumbbell Feet Elevated Staggered Glute Bridge', 1, 'Start by lying on your back with your knees bent and feet in a staggered position on the box. Drive through your heels to lift your hips off the floor, making sure to keep your feet and knees pointing forward. ', '');
INSERT INTO muscle_groups_in_exercises (exerciseID, muscleID) VALUES (452, 9);
INSERT INTO equipment_in_exercises (exerciseID, equipmentID) VALUES (452, 2);
INSERT INTO exercises (name, difficulty, tips, link) VALUES ('Dumbbell Standing Hip Abduction', 0, 'Stand with a dumbbell held on the side of your leg. Raise that leg laterally as high as your hip range of motion allows for. ', '');
INSERT INTO muscle_groups_in_exercises (exerciseID, muscleID) VALUES (453, 9);
INSERT INTO equipment_in_exercises (exerciseID, equipmentID) VALUES (453, 2);
INSERT INTO exercises (name, difficulty, tips, link) VALUES ('TRX Glute Bridge', 0, 'Lie on your back with your feet in the foot cradles of the TRX straps, with your knees bent and feet flat on the ground. Place your arms by your sides with your palms facing down. Drive your hips up towards the ceiling, squeezing your glutes and hamstrings at the top of the movement. ', '');
INSERT INTO muscle_groups_in_exercises (exerciseID, muscleID) VALUES (454, 9);
INSERT INTO equipment_in_exercises (exerciseID, equipmentID) VALUES (454, 8);
INSERT INTO exercises (name, difficulty, tips, link) VALUES ('Barbell Deadlift', 2, 'Stand with your mid-foot under the bar and grip the bar with your hands, about a shoulder width apart. Bend your knees, then lift the bar by straightening your back. It is important to keep your back straight. Stand to your full height and hold. Lower the bar to the floor by bending your knees and keeping your back straight. ', 'https://youtu.be/QD-i3yUJcDQ');
INSERT INTO muscle_groups_in_exercises (exerciseID, muscleID) VALUES (455, 9);
INSERT INTO equipment_in_exercises (exerciseID, equipmentID) VALUES (455, 1);
INSERT INTO muscle_groups_in_exercises (exerciseID, muscleID) VALUES (116, 9);
INSERT INTO muscle_groups_in_exercises (exerciseID, muscleID) VALUES (119, 9);
INSERT INTO muscle_groups_in_exercises (exerciseID, muscleID) VALUES (131, 9);
INSERT INTO muscle_groups_in_exercises (exerciseID, muscleID) VALUES (132, 9);
INSERT INTO muscle_groups_in_exercises (exerciseID, muscleID) VALUES (133, 9);
INSERT INTO muscle_groups_in_exercises (exerciseID, muscleID) VALUES (382, 9);
INSERT INTO muscle_groups_in_exercises (exerciseID, muscleID) VALUES (135, 9);
INSERT INTO muscle_groups_in_exercises (exerciseID, muscleID) VALUES (136, 9);
INSERT INTO muscle_groups_in_exercises (exerciseID, muscleID) VALUES (137, 9);
INSERT INTO muscle_groups_in_exercises (exerciseID, muscleID) VALUES (386, 9);
INSERT INTO muscle_groups_in_exercises (exerciseID, muscleID) VALUES (387, 9);
INSERT INTO muscle_groups_in_exercises (exerciseID, muscleID) VALUES (388, 9);
INSERT INTO muscle_groups_in_exercises (exerciseID, muscleID) VALUES (139, 9);
INSERT INTO muscle_groups_in_exercises (exerciseID, muscleID) VALUES (390, 9);
INSERT INTO muscle_groups_in_exercises (exerciseID, muscleID) VALUES (140, 9);
INSERT INTO muscle_groups_in_exercises (exerciseID, muscleID) VALUES (391, 9);
INSERT INTO muscle_groups_in_exercises (exerciseID, muscleID) VALUES (392, 9);
INSERT INTO muscle_groups_in_exercises (exerciseID, muscleID) VALUES (141, 9);
INSERT INTO muscle_groups_in_exercises (exerciseID, muscleID) VALUES (393, 9);
INSERT INTO muscle_groups_in_exercises (exerciseID, muscleID) VALUES (142, 9);
INSERT INTO muscle_groups_in_exercises (exerciseID, muscleID) VALUES (394, 9);
INSERT INTO muscle_groups_in_exercises (exerciseID, muscleID) VALUES (143, 9);
INSERT INTO muscle_groups_in_exercises (exerciseID, muscleID) VALUES (144, 9);
INSERT INTO muscle_groups_in_exercises (exerciseID, muscleID) VALUES (145, 9);
INSERT INTO muscle_groups_in_exercises (exerciseID, muscleID) VALUES (395, 9);
INSERT INTO muscle_groups_in_exercises (exerciseID, muscleID) VALUES (396, 9);
INSERT INTO muscle_groups_in_exercises (exerciseID, muscleID) VALUES (397, 9);
INSERT INTO muscle_groups_in_exercises (exerciseID, muscleID) VALUES (398, 9);
INSERT INTO muscle_groups_in_exercises (exerciseID, muscleID) VALUES (399, 9);
INSERT INTO muscle_groups_in_exercises (exerciseID, muscleID) VALUES (146, 9);
INSERT INTO muscle_groups_in_exercises (exerciseID, muscleID) VALUES (147, 9);
INSERT INTO muscle_groups_in_exercises (exerciseID, muscleID) VALUES (148, 9);
INSERT INTO muscle_groups_in_exercises (exerciseID, muscleID) VALUES (149, 9);
INSERT INTO muscle_groups_in_exercises (exerciseID, muscleID) VALUES (135, 9);
INSERT INTO muscle_groups_in_exercises (exerciseID, muscleID) VALUES (150, 9);
INSERT INTO muscle_groups_in_exercises (exerciseID, muscleID) VALUES (151, 9);
INSERT INTO muscle_groups_in_exercises (exerciseID, muscleID) VALUES (152, 9);
INSERT INTO muscle_groups_in_exercises (exerciseID, muscleID) VALUES (153, 9);
INSERT INTO muscle_groups_in_exercises (exerciseID, muscleID) VALUES (154, 9);
INSERT INTO muscle_groups_in_exercises (exerciseID, muscleID) VALUES (155, 9);
INSERT INTO muscle_groups_in_exercises (exerciseID, muscleID) VALUES (156, 9);
INSERT INTO muscle_groups_in_exercises (exerciseID, muscleID) VALUES (157, 9);
INSERT INTO muscle_groups_in_exercises (exerciseID, muscleID) VALUES (158, 9);
INSERT INTO muscle_groups_in_exercises (exerciseID, muscleID) VALUES (160, 9);
INSERT INTO muscle_groups_in_exercises (exerciseID, muscleID) VALUES (401, 9);
INSERT INTO muscle_groups_in_exercises (exerciseID, muscleID) VALUES (402, 9);
INSERT INTO muscle_groups_in_exercises (exerciseID, muscleID) VALUES (161, 9);
INSERT INTO muscle_groups_in_exercises (exerciseID, muscleID) VALUES (162, 9);
INSERT INTO muscle_groups_in_exercises (exerciseID, muscleID) VALUES (163, 9);
INSERT INTO muscle_groups_in_exercises (exerciseID, muscleID) VALUES (164, 9);
INSERT INTO muscle_groups_in_exercises (exerciseID, muscleID) VALUES (403, 9);
INSERT INTO muscle_groups_in_exercises (exerciseID, muscleID) VALUES (165, 9);
INSERT INTO muscle_groups_in_exercises (exerciseID, muscleID) VALUES (166, 9);
INSERT INTO muscle_groups_in_exercises (exerciseID, muscleID) VALUES (120, 9);
INSERT INTO muscle_groups_in_exercises (exerciseID, muscleID) VALUES (167, 9);
INSERT INTO muscle_groups_in_exercises (exerciseID, muscleID) VALUES (168, 9);
INSERT INTO muscle_groups_in_exercises (exerciseID, muscleID) VALUES (169, 9);
INSERT INTO muscle_groups_in_exercises (exerciseID, muscleID) VALUES (170, 9);
INSERT INTO muscle_groups_in_exercises (exerciseID, muscleID) VALUES (172, 9);
INSERT INTO muscle_groups_in_exercises (exerciseID, muscleID) VALUES (148, 9);
INSERT INTO muscle_groups_in_exercises (exerciseID, muscleID) VALUES (173, 9);
INSERT INTO muscle_groups_in_exercises (exerciseID, muscleID) VALUES (142, 9);
INSERT INTO muscle_groups_in_exercises (exerciseID, muscleID) VALUES (174, 9);
INSERT INTO muscle_groups_in_exercises (exerciseID, muscleID) VALUES (175, 9);
INSERT INTO muscle_groups_in_exercises (exerciseID, muscleID) VALUES (176, 9);
INSERT INTO muscle_groups_in_exercises (exerciseID, muscleID) VALUES (177, 9);
INSERT INTO muscle_groups_in_exercises (exerciseID, muscleID) VALUES (178, 9);
INSERT INTO muscle_groups_in_exercises (exerciseID, muscleID) VALUES (179, 9);
INSERT INTO muscle_groups_in_exercises (exerciseID, muscleID) VALUES (180, 9);
INSERT INTO muscle_groups_in_exercises (exerciseID, muscleID) VALUES (181, 9);
INSERT INTO muscle_groups_in_exercises (exerciseID, muscleID) VALUES (182, 9);
INSERT INTO muscle_groups_in_exercises (exerciseID, muscleID) VALUES (183, 9);
INSERT INTO muscle_groups_in_exercises (exerciseID, muscleID) VALUES (184, 9);
INSERT INTO muscle_groups_in_exercises (exerciseID, muscleID) VALUES (185, 9);
INSERT INTO muscle_groups_in_exercises (exerciseID, muscleID) VALUES (186, 9);
INSERT INTO muscle_groups_in_exercises (exerciseID, muscleID) VALUES (188, 9);
INSERT INTO muscle_groups_in_exercises (exerciseID, muscleID) VALUES (405, 9);
INSERT INTO muscle_groups_in_exercises (exerciseID, muscleID) VALUES (406, 9);
INSERT INTO muscle_groups_in_exercises (exerciseID, muscleID) VALUES (407, 9);
INSERT INTO muscle_groups_in_exercises (exerciseID, muscleID) VALUES (189, 9);
INSERT INTO muscle_groups_in_exercises (exerciseID, muscleID) VALUES (408, 9);
INSERT INTO muscle_groups_in_exercises (exerciseID, muscleID) VALUES (190, 9);
INSERT INTO muscle_groups_in_exercises (exerciseID, muscleID) VALUES (105, 9);
INSERT INTO muscle_groups_in_exercises (exerciseID, muscleID) VALUES (214, 9);
INSERT INTO muscle_groups_in_exercises (exerciseID, muscleID) VALUES (193, 9);
INSERT INTO muscle_groups_in_exercises (exerciseID, muscleID) VALUES (409, 9);
INSERT INTO muscle_groups_in_exercises (exerciseID, muscleID) VALUES (194, 9);
INSERT INTO muscle_groups_in_exercises (exerciseID, muscleID) VALUES (195, 9);
INSERT INTO muscle_groups_in_exercises (exerciseID, muscleID) VALUES (215, 9);
INSERT INTO muscle_groups_in_exercises (exerciseID, muscleID) VALUES (200, 9);
INSERT INTO muscle_groups_in_exercises (exerciseID, muscleID) VALUES (110, 9);
INSERT INTO muscle_groups_in_exercises (exerciseID, muscleID) VALUES (366, 9);
INSERT INTO muscle_groups_in_exercises (exerciseID, muscleID) VALUES (201, 9);
INSERT INTO muscle_groups_in_exercises (exerciseID, muscleID) VALUES (411, 9);
INSERT INTO muscle_groups_in_exercises (exerciseID, muscleID) VALUES (412, 9);
INSERT INTO muscle_groups_in_exercises (exerciseID, muscleID) VALUES (203, 9);
INSERT INTO muscle_groups_in_exercises (exerciseID, muscleID) VALUES (204, 9);
INSERT INTO muscle_groups_in_exercises (exerciseID, muscleID) VALUES (205, 9);
INSERT INTO muscle_groups_in_exercises (exerciseID, muscleID) VALUES (206, 9);
INSERT INTO muscle_groups_in_exercises (exerciseID, muscleID) VALUES (207, 9);
INSERT INTO muscle_groups_in_exercises (exerciseID, muscleID) VALUES (208, 9);
INSERT INTO muscle_groups_in_exercises (exerciseID, muscleID) VALUES (209, 9);
INSERT INTO muscle_groups_in_exercises (exerciseID, muscleID) VALUES (210, 9);
INSERT INTO muscle_groups_in_exercises (exerciseID, muscleID) VALUES (211, 9);
INSERT INTO muscle_groups (name) VALUES ('Forearms');
INSERT INTO exercises (name, difficulty, tips, link) VALUES ('Barbell Behind The Back Wrist Curl', 1, 'Stand straight and hold the barbell behind you using a pronated grip with your hands and feet shoulder-width apart. Slowly curl your wrists in a semi-circular motion upwards. Hold the barbell at the apex of the motion and then slowly lower the barbell back down to starting position. ', 'https://www.youtube.com/watch?v=NzS4PPIhVvY%7C');
INSERT INTO muscle_groups_in_exercises (exerciseID, muscleID) VALUES (456, 10);
INSERT INTO equipment_in_exercises (exerciseID, equipmentID) VALUES (456, 1);
INSERT INTO exercises (name, difficulty, tips, link) VALUES ('Dumbbell Wrist Curl', 0, 'Grip the dumbbell with your palm facing upwards with your forearm rested against the bench. Slowly curl your wrist upwards in a semicircular motion. Return to starting position and repeat. ', 'https://www.youtube.com/watch?v=S-ynXc4M-mY');
INSERT INTO muscle_groups_in_exercises (exerciseID, muscleID) VALUES (457, 10);
INSERT INTO equipment_in_exercises (exerciseID, equipmentID) VALUES (457, 2);
INSERT INTO exercises (name, difficulty, tips, link) VALUES ('Barbell Wrist Curl', 0, 'Grab a straight bar with a supinated (underhand) grip. Kneel down next to a flat bench and place your forearms on the bench with your wrists just off the bench. Let the barbell pull down on your wrists until they are extended. Curl the barbell until your wrists are fully flexed. Lower in a controlled manner and repeat. ', 'https://youtu.be/si9MtuEcCc4');
INSERT INTO muscle_groups_in_exercises (exerciseID, muscleID) VALUES (458, 10);
INSERT INTO equipment_in_exercises (exerciseID, equipmentID) VALUES (458, 1);
INSERT INTO exercises (name, difficulty, tips, link) VALUES ('Kettlebell Farmers Carry', 0, 'Standing straight with a kettlebell in one hand, lift the knee of one leg off the floor to knee height. Bring the leg back to standing and repeat with the other leg, keeping the kettlebell on the same side. Repeat. ', 'https://youtu.be/w3GqfqD4Sb4');
INSERT INTO muscle_groups_in_exercises (exerciseID, muscleID) VALUES (459, 10);
INSERT INTO equipment_in_exercises (exerciseID, equipmentID) VALUES (459, 3);
INSERT INTO exercises (name, difficulty, tips, link) VALUES ('Kettlebell Wrist Extension', 0, 'Stand up straight with a kettlebell in both hands in front of your pelvis, with your forearms facing inwards. Flex your wrist upwards until wrists are fully extended. Lower to the starting position and repeat. ', 'https://youtu.be/eMv3q7r9n9A');
INSERT INTO muscle_groups_in_exercises (exerciseID, muscleID) VALUES (460, 10);
INSERT INTO equipment_in_exercises (exerciseID, equipmentID) VALUES (460, 3);
INSERT INTO exercises (name, difficulty, tips, link) VALUES ('Kettlebell Wrist Curl', 0, 'Stand up straight with a kettlebell in both hands in front of your pelvis, with your forearms facing outwards. Flex your wrist towards your body until the kettlebell is level with your stomach. Lower to the starting position and repeat. ', 'https://youtu.be/kU3wyBBi-BY');
INSERT INTO muscle_groups_in_exercises (exerciseID, muscleID) VALUES (461, 10);
INSERT INTO equipment_in_exercises (exerciseID, equipmentID) VALUES (461, 3);
INSERT INTO exercises (name, difficulty, tips, link) VALUES ('Forearms Stretch Variation Four', 0, 'Raise your arm to shoulder height at 90 degrees to your body. Press lightly on your hand and push towards you. Rotate the arm across your body. Switch sides and repeat. ', 'https://youtu.be/UZ5zLixqLw0');
INSERT INTO muscle_groups_in_exercises (exerciseID, muscleID) VALUES (462, 10);
INSERT INTO equipment_in_exercises (exerciseID, equipmentID) VALUES (462, 4);
INSERT INTO exercises (name, difficulty, tips, link) VALUES ('Forearms Stretch Variation Three', 0, 'Place your hands together. Rotate your arms and hands 180 degrees. Hold at the peak of the stretch. Return to starting position. ', 'https://youtu.be/_hTBeb5f4eI');
INSERT INTO muscle_groups_in_exercises (exerciseID, muscleID) VALUES (463, 10);
INSERT INTO equipment_in_exercises (exerciseID, equipmentID) VALUES (463, 4);
INSERT INTO exercises (name, difficulty, tips, link) VALUES ('Forearms Stretch Variation Two', 0, 'Place your hand against a wall, palms facing upward, with finger tips touching. Hold at the peak of the stretch. Return to starting position. Slowly lean into your palm. ', 'https://youtu.be/_qFHL-DoHG8');
INSERT INTO muscle_groups_in_exercises (exerciseID, muscleID) VALUES (464, 10);
INSERT INTO equipment_in_exercises (exerciseID, equipmentID) VALUES (464, 4);
INSERT INTO exercises (name, difficulty, tips, link) VALUES ('Forearms Stretch Variation One', 0, 'Place your palm flush against the wall. Take one step forward and straighten your arm slowly to extend your bicep. Hold at the peak of the stretch. Return to starting position. ', 'https://youtu.be/KPMttUk2xM8');
INSERT INTO muscle_groups_in_exercises (exerciseID, muscleID) VALUES (465, 10);
INSERT INTO equipment_in_exercises (exerciseID, equipmentID) VALUES (465, 4);
INSERT INTO exercises (name, difficulty, tips, link) VALUES ('Cable Wrist Curl', 1, 'Use a handle attachment. The cable should be set all the way to the bottom of the machine. Face away from the cable machine. Stagger your stance so you have a better base of support. Start with your elbow at a 90 angle with your palm facing up. Flex and extend at the wrist. ', 'https://youtu.be/-XngJ2mrcLQ');
INSERT INTO muscle_groups_in_exercises (exerciseID, muscleID) VALUES (466, 10);
INSERT INTO equipment_in_exercises (exerciseID, equipmentID) VALUES (466, 5);
INSERT INTO exercises (name, difficulty, tips, link) VALUES ('Cable Wrist Extension', 2, 'Use a handle attachment. The cable should be set all the way to the bottom of the machine. Face away from the cable machine. Stagger your stance so you have a better base of support. Start with your elbow at a 90 degree angle with your palm facing down. Flex and extend at the wrist. ', 'https://youtu.be/miacdVkumxM');
INSERT INTO muscle_groups_in_exercises (exerciseID, muscleID) VALUES (467, 10);
INSERT INTO equipment_in_exercises (exerciseID, equipmentID) VALUES (467, 5);
INSERT INTO exercises (name, difficulty, tips, link) VALUES ('Dumbbell Wrist Extension', 0, 'Grab two dumbbells with an overhand grip and lay your forearms across your knees. Let your wrists flex fully, then extend your wrists. ', 'https://youtu.be/lyMpCIUE6ms');
INSERT INTO muscle_groups_in_exercises (exerciseID, muscleID) VALUES (468, 10);
INSERT INTO equipment_in_exercises (exerciseID, equipmentID) VALUES (468, 2);
INSERT INTO exercises (name, difficulty, tips, link) VALUES ('Plate Pinch Grip Side Bend', 0, 'Stand straight with the plate held at your side Keep your hips and shoulders facing forward, bend to one side slowly Return to the upright position. Switch hands and repeat ', '');
INSERT INTO muscle_groups_in_exercises (exerciseID, muscleID) VALUES (469, 10);
INSERT INTO equipment_in_exercises (exerciseID, equipmentID) VALUES (469, 7);
INSERT INTO exercises (name, difficulty, tips, link) VALUES ('Plate Pinch Grip Farmer''s Carry', 1, 'Stand tall holding two plates in each hand with a pinch grip. Walk for the desired distance or time. ', '');
INSERT INTO muscle_groups_in_exercises (exerciseID, muscleID) VALUES (470, 10);
INSERT INTO equipment_in_exercises (exerciseID, equipmentID) VALUES (470, 7);
INSERT INTO muscle_groups_in_exercises (exerciseID, muscleID) VALUES (368, 10);
INSERT INTO muscle_groups_in_exercises (exerciseID, muscleID) VALUES (57, 10);
INSERT INTO muscle_groups_in_exercises (exerciseID, muscleID) VALUES (355, 10);
INSERT INTO muscle_groups_in_exercises (exerciseID, muscleID) VALUES (43, 10);
INSERT INTO muscle_groups_in_exercises (exerciseID, muscleID) VALUES (15, 10);
INSERT INTO muscle_groups_in_exercises (exerciseID, muscleID) VALUES (18, 10);
INSERT INTO muscle_groups_in_exercises (exerciseID, muscleID) VALUES (19, 10);
INSERT INTO muscle_groups_in_exercises (exerciseID, muscleID) VALUES (20, 10);
INSERT INTO muscle_groups_in_exercises (exerciseID, muscleID) VALUES (361, 10);
INSERT INTO muscle_groups_in_exercises (exerciseID, muscleID) VALUES (21, 10);
INSERT INTO muscle_groups_in_exercises (exerciseID, muscleID) VALUES (42, 10);
INSERT INTO muscle_groups_in_exercises (exerciseID, muscleID) VALUES (45, 10);
INSERT INTO muscle_groups_in_exercises (exerciseID, muscleID) VALUES (46, 10);
INSERT INTO muscle_groups_in_exercises (exerciseID, muscleID) VALUES (48, 10);
INSERT INTO muscle_groups_in_exercises (exerciseID, muscleID) VALUES (23, 10);
INSERT INTO muscle_groups_in_exercises (exerciseID, muscleID) VALUES (24, 10);
INSERT INTO muscle_groups_in_exercises (exerciseID, muscleID) VALUES (409, 10);
INSERT INTO muscle_groups_in_exercises (exerciseID, muscleID) VALUES (35, 10);
INSERT INTO muscle_groups_in_exercises (exerciseID, muscleID) VALUES (37, 10);
INSERT INTO muscle_groups_in_exercises (exerciseID, muscleID) VALUES (412, 10);
INSERT INTO muscle_groups_in_exercises (exerciseID, muscleID) VALUES (41, 10);
INSERT INTO muscle_groups (name) VALUES ('Calves');
INSERT INTO exercises (name, difficulty, tips, link) VALUES ('Machine Standing Calf Raises', 0, 'Adjust the machine in accordance with your height and place your shoulders underneath the padded lever. The balls of your feet should be supporting your weight on the calve block, your heels extending off of it. Extend your heels upwards while keeping your knees stationary, and pause at the contracted position. Slowly return to the starting position. Repeat. ', 'https://www.youtube.com/watch?v=UOVRxVYExss%7C');
INSERT INTO muscle_groups_in_exercises (exerciseID, muscleID) VALUES (471, 11);
INSERT INTO equipment_in_exercises (exerciseID, equipmentID) VALUES (471, 10);
INSERT INTO exercises (name, difficulty, tips, link) VALUES ('Machine Seated Calf Raises', 0, 'Get comfortable on the machine, then place your lower thighs beneath the padded lever. Place your toes and the balls of your feet onto the foot supports. Prevent the weight from slipping forward by gripping the handles, and release the safety bar. Lower the weight until your calves are extended. Push your heels up to lift the padded lever and hold the contracted position, then slowly lower back down to the starting position. Repeat. ', 'https://www.youtube.com/watch?v=IdzC0c07iX8%7C');
INSERT INTO muscle_groups_in_exercises (exerciseID, muscleID) VALUES (472, 11);
INSERT INTO equipment_in_exercises (exerciseID, equipmentID) VALUES (472, 10);
INSERT INTO exercises (name, difficulty, tips, link) VALUES ('Kettlebell Single Leg Calf Raise', 0, 'Standing straight with a kettlebell in one hand, lift the same foot as the side without the kettlebell off the floor. Raise your heel upwards while keeping your knees stationary. Pause when your heels are fully extended and then slowly return to the starting position and repeat. ', 'https://youtu.be/chKcqDX6-CI');
INSERT INTO muscle_groups_in_exercises (exerciseID, muscleID) VALUES (473, 11);
INSERT INTO equipment_in_exercises (exerciseID, equipmentID) VALUES (473, 3);
INSERT INTO exercises (name, difficulty, tips, link) VALUES ('Kettlebell Calf Raise', 0, 'Standing straight with a kettlebell in each hand, raise your heels upwards while keeping your knees stationary. Pause when your heels are fully extended and then slowly return to the starting position and repeat. ', 'https://youtu.be/EtVgsp-4z4I');
INSERT INTO muscle_groups_in_exercises (exerciseID, muscleID) VALUES (474, 11);
INSERT INTO equipment_in_exercises (exerciseID, equipmentID) VALUES (474, 3);
INSERT INTO exercises (name, difficulty, tips, link) VALUES ('Kettlebell Seated Calf Raise', 0, 'Sitting comfortably on a chair with your core stomach muscles engaged, place your feet on the floor. Place the kettlebell on your legs, just above the knees and raise your heels upwards off the floor. Pause when your heels are fully extended and then slowly return to the starting position and repeat. ', 'https://youtu.be/ZcrQO5j9xVc');
INSERT INTO muscle_groups_in_exercises (exerciseID, muscleID) VALUES (475, 11);
INSERT INTO equipment_in_exercises (exerciseID, equipmentID) VALUES (475, 3);
INSERT INTO exercises (name, difficulty, tips, link) VALUES ('Calves Stretch Variation Three', 0, 'Balance the balls of your feet on the platform, leaning forward to use the wall to assist with balance. Engage your calves so that your feet are flat before beginning the stretch. Lower the heels of your feet towards the ground and pause, then push through the balls of your feet like you are standing tip toe, pausing at the apex of the stretch. Repeat as necessary. ', 'https://youtu.be/X0BCgvBh7xs');
INSERT INTO muscle_groups_in_exercises (exerciseID, muscleID) VALUES (476, 11);
INSERT INTO equipment_in_exercises (exerciseID, equipmentID) VALUES (476, 4);
INSERT INTO exercises (name, difficulty, tips, link) VALUES ('Calves Stretch Variation Two', 0, 'With both feet flat on the ground, place one leg in front of your shoulder, your other leg should mirror this position behind your other shoulder. In the starting position both of your knees should be straight. Place the palms of your hands against the wall at shoulder height in front of you, lean towards the wall and bend your front leg at the knee while keeping your back leg straight. Pause at the apex of the stretch and return to the starting position. Switch the position of your legs and repeat. ', 'https://youtu.be/nVX4f3pxMBY');
INSERT INTO muscle_groups_in_exercises (exerciseID, muscleID) VALUES (477, 11);
INSERT INTO equipment_in_exercises (exerciseID, equipmentID) VALUES (477, 4);
INSERT INTO exercises (name, difficulty, tips, link) VALUES ('Calves Stretch Variation One', 0, 'Place the ball of your foot against the wall with your heel on the ground. Place your hands on the wall in front of your shoulders. Keeping your knee straight, slowly lean towards the wall, pause for a few seconds when you feel the stretch extending through your calf muscle. Return to the starting position, and repeat the stretch with your other leg. ', 'https://youtu.be/k3-yr6Mx3Rs');
INSERT INTO muscle_groups_in_exercises (exerciseID, muscleID) VALUES (478, 11);
INSERT INTO equipment_in_exercises (exerciseID, equipmentID) VALUES (478, 4);
INSERT INTO exercises (name, difficulty, tips, link) VALUES ('Tip Toe Walking', 0, 'Point your toes into the floor. Slowly walk forwards and backward Keep your heels in the air as long as possible while walking. It may be beneficial to do this last at the end of your workout. ', 'https://youtu.be/lxUolcyfzzQ');
INSERT INTO muscle_groups_in_exercises (exerciseID, muscleID) VALUES (479, 11);
INSERT INTO equipment_in_exercises (exerciseID, equipmentID) VALUES (479, 9);
INSERT INTO exercises (name, difficulty, tips, link) VALUES ('Calf Raises', 0, 'Balance on the balls of your feet on the platform or plates, leaning forward to use the wall to assist with balance. Lower the heels of your feet towards the ground and pause, then push through the balls of your feet like you are standing tip toe, pausing at the apex of the motion. Repeat as necessary. ', 'https://youtu.be/SbzE8-zB20A');
INSERT INTO muscle_groups_in_exercises (exerciseID, muscleID) VALUES (480, 11);
INSERT INTO equipment_in_exercises (exerciseID, equipmentID) VALUES (480, 9);
INSERT INTO exercises (name, difficulty, tips, link) VALUES ('Walking Calf Raises', 0, 'Walk forward and push your toe into the ground Lift you heel off the ground each step and tense your calf muscle Repeat on each leg and walk forward slowly ', 'https://youtu.be/TWvTlsRyizg');
INSERT INTO muscle_groups_in_exercises (exerciseID, muscleID) VALUES (481, 11);
INSERT INTO equipment_in_exercises (exerciseID, equipmentID) VALUES (481, 9);
INSERT INTO exercises (name, difficulty, tips, link) VALUES ('Barbell Calf Raises', 1, 'Place the bar on your back Start with feet flat on the ground Extend your heels upwards while keeping your knees stationary, and pause at the contracted position. Slowly return to the starting position. Repeat. ', 'https://youtu.be/bY7zLnTkoQY');
INSERT INTO muscle_groups_in_exercises (exerciseID, muscleID) VALUES (482, 11);
INSERT INTO equipment_in_exercises (exerciseID, equipmentID) VALUES (482, 1);
INSERT INTO exercises (name, difficulty, tips, link) VALUES ('Cable Calve Raise', 0, 'Use a straight bar or ez bar attachment with the cable set all the way to the bottom. Walk a few steps back. Pull your heels straight up until you feel a contraction in your calves and then back to original position. ', 'https://youtu.be/M6qnClG-TMg');
INSERT INTO muscle_groups_in_exercises (exerciseID, muscleID) VALUES (483, 11);
INSERT INTO equipment_in_exercises (exerciseID, equipmentID) VALUES (483, 5);
INSERT INTO exercises (name, difficulty, tips, link) VALUES ('Band Calf Raise', 0, 'Attach band to a low anchor point. Take a few steps away until the band is taut. Lean back slightly. Raise your heels straight up and down ', 'https://youtu.be/1CNQgmIutyQ');
INSERT INTO muscle_groups_in_exercises (exerciseID, muscleID) VALUES (484, 11);
INSERT INTO equipment_in_exercises (exerciseID, equipmentID) VALUES (484, 6);
INSERT INTO exercises (name, difficulty, tips, link) VALUES ('Dumbbell Calf Raise', 0, 'Stand tall with your feet on the ground. You can put the the balls of your feet on top of a plate to extend the range of motion. Imagine you have a string attached to your heels and pull your heels up toward the ceiling. ', 'https://youtu.be/OSO99xX-H_g');
INSERT INTO muscle_groups_in_exercises (exerciseID, muscleID) VALUES (485, 11);
INSERT INTO equipment_in_exercises (exerciseID, equipmentID) VALUES (485, 2);
INSERT INTO exercises (name, difficulty, tips, link) VALUES ('Barbell Calf Jump', 2, 'Stand with your feet shoulder-width apart and your knees slightly bent. Shift your weight onto the balls of your feet and raise stay flat footed. Using your calf muscles, mimic a jumping motion but don''t leave the floor. Explode onto your tip toes and hold for a second. Bring your heels back to the floor then initiate the next rep. ', '');
INSERT INTO muscle_groups_in_exercises (exerciseID, muscleID) VALUES (486, 11);
INSERT INTO equipment_in_exercises (exerciseID, equipmentID) VALUES (486, 1);
INSERT INTO exercises (name, difficulty, tips, link) VALUES ('Barbell Seated Calf Raise', 0, 'Start by sitting on a bench with a barbell resting on your knees. Your feet should be flat on the ground, about hip-width apart. Place your hands on the barbell for support, and lift your heels off the ground. Hold this position for a moment, then slowly lower your heels back to the ground. ', '');
INSERT INTO muscle_groups_in_exercises (exerciseID, muscleID) VALUES (487, 11);
INSERT INTO equipment_in_exercises (exerciseID, equipmentID) VALUES (487, 1);
INSERT INTO exercises (name, difficulty, tips, link) VALUES ('Barbell Toes Up Calf Raise', 0, 'Begin by standing on a raised surface (such as a step or box) with the balls of your feet on the edge of the surface and your heels hanging off. Hold a barbell across your upper back and shoulders, using an overhand grip. Keeping your core engaged and your back straight, push through the balls of your feet to raise your heels up as high as you can. Lower your heels back down to the starting position, allowing your calves to stretch. ', '');
INSERT INTO muscle_groups_in_exercises (exerciseID, muscleID) VALUES (488, 11);
INSERT INTO equipment_in_exercises (exerciseID, equipmentID) VALUES (488, 1);
INSERT INTO exercises (name, difficulty, tips, link) VALUES ('Dumbbell Seated Calf Raise', 0, 'Start by sitting on a bench with your feet shoulder-width apart and a dumbbell in each hand placed on each leg. From this starting position, raise your heels as high as you can by pushing up through your toes. Slowly lower your heels back down to the starting position, and repeat for the desired number of repetitions. ', '');
INSERT INTO muscle_groups_in_exercises (exerciseID, muscleID) VALUES (489, 11);
INSERT INTO equipment_in_exercises (exerciseID, equipmentID) VALUES (489, 2);
INSERT INTO exercises (name, difficulty, tips, link) VALUES ('TRX Calf Raise', 0, 'Hold the TRX straps under your arms and the handles in your armpits. Lean forward against the straps. Keep your body straight and initiate the calf raise by raising your heels off the ground. ', '');
INSERT INTO muscle_groups_in_exercises (exerciseID, muscleID) VALUES (490, 11);
INSERT INTO equipment_in_exercises (exerciseID, equipmentID) VALUES (490, 8);
INSERT INTO muscle_groups (name) VALUES ('Abdominals');
INSERT INTO exercises (name, difficulty, tips, link) VALUES ('Crunches', 0, 'Lay flat on your back with your knees bent and your feet flat on the ground, about a foot from your lower back. Place your fingertips on your temples with your palms facing out. Draw your belly into the base of your spine to engage the muscles, then raise your head and shoulders off the floor. Return to starting position and repeat. ', 'https://www.youtube.com/watch?v=QSkX3gA8cd0');
INSERT INTO muscle_groups_in_exercises (exerciseID, muscleID) VALUES (491, 12);
INSERT INTO equipment_in_exercises (exerciseID, equipmentID) VALUES (491, 9);
INSERT INTO exercises (name, difficulty, tips, link) VALUES ('Laying Leg Raises', 0, 'Lay on your back with your arms palms down on either side. Keep your legs together and as straight as possible. Slowly raise your legs to a 90 angle, pause at this position, or as high as you can reach your legs, and then slowly lower your legs back down. Duration of these movements should be slow so that you do not utilize momentum, enabling you to get the most out of the exercise. ', 'https://www.youtube.com/watch?v=Ti3Lpnz9E18%7C');
INSERT INTO muscle_groups_in_exercises (exerciseID, muscleID) VALUES (492, 12);
INSERT INTO equipment_in_exercises (exerciseID, equipmentID) VALUES (492, 9);
INSERT INTO exercises (name, difficulty, tips, link) VALUES ('Machine Roll Outs', 1, 'Hold the Ab Roller with both hands and kneel on the floor with your feet up and crossed. Slowly roll the ab roller straight forward, stretching your body into a straight position. After a pause at the stretched position, start pulling yourself back to the starting position. This should be a slow and controlled movement. ', 'https://www.youtube.com/watch?v=EOC1gA5rXcA%7C');
INSERT INTO muscle_groups_in_exercises (exerciseID, muscleID) VALUES (493, 12);
INSERT INTO equipment_in_exercises (exerciseID, equipmentID) VALUES (493, 10);
INSERT INTO exercises (name, difficulty, tips, link) VALUES ('Kettlebell Situp', 0, 'Lay flat on your back with straight legs and hold the kettle bell above your chest at arms length. Draw your belly into the base of your spine to engage the muscles, then raise your head and shoulders off the floor with the kettlebell raised at arms length above your chest. Return to the starting position and repeat. ', 'https://youtu.be/rPy1_8f3vIY');
INSERT INTO muscle_groups_in_exercises (exerciseID, muscleID) VALUES (494, 12);
INSERT INTO equipment_in_exercises (exerciseID, equipmentID) VALUES (494, 3);
INSERT INTO exercises (name, difficulty, tips, link) VALUES ('Abdominals Stretch Variation Four', 0, 'Lay on a ball or a Bosu ball with your feet firmly planted on the floor. Lean all the way back until you feel a stretch in your abdomen. Crunch upwards and hold for a 1-2 count. Slowly return to the starting position and repeat. ', 'https://www.youtube.com/watch?v=ClaHcZch28Q%7C');
INSERT INTO muscle_groups_in_exercises (exerciseID, muscleID) VALUES (495, 12);
INSERT INTO equipment_in_exercises (exerciseID, equipmentID) VALUES (495, 4);
INSERT INTO exercises (name, difficulty, tips, link) VALUES ('Abdominals Stretch Variation Three', 0, 'Reach up with your left arm and then lean slowly to the right. Lean until a stretch is felt in the obliques. Stand upright. After completing the desired amount of reps with the left arm, switch to the right arm and lean to the left. ', 'https://www.youtube.com/watch?v=ABwpeUOFGf0%7C');
INSERT INTO muscle_groups_in_exercises (exerciseID, muscleID) VALUES (496, 12);
INSERT INTO equipment_in_exercises (exerciseID, equipmentID) VALUES (496, 4);
INSERT INTO exercises (name, difficulty, tips, link) VALUES ('Abdominals Stretch Variation Two', 0, 'Stand upright. Reach with both hands upwards until you can interlock your fingers. With your hands above your head, lean back until a stretch is felt in the abdominals. ', 'https://www.youtube.com/watch?v=i-xRzmPWxaw%7C');
INSERT INTO muscle_groups_in_exercises (exerciseID, muscleID) VALUES (497, 12);
INSERT INTO equipment_in_exercises (exerciseID, equipmentID) VALUES (497, 4);
INSERT INTO exercises (name, difficulty, tips, link) VALUES ('Abdominals Stretch Variation One', 0, 'Lay on your stomach on the floor with your forearms flat on the ground. Extend your elbows and push your upper body upwards. Push your upper body upwards until you feel a stretch in your abs, then return to the starting position and repeat. ', 'https://www.youtube.com/watch?v=86oJqpkxxNI%7C');
INSERT INTO muscle_groups_in_exercises (exerciseID, muscleID) VALUES (498, 12);
INSERT INTO equipment_in_exercises (exerciseID, equipmentID) VALUES (498, 4);
INSERT INTO exercises (name, difficulty, tips, link) VALUES ('Forearm Plank', 0, 'Place forearms on the ground with your elbows bent at a 90 angle aligned beneath your shoulders, with your arms parallel at shoulder-width. Your feet should be together, with only your toes touching the floor. Lift your belly off the floor and form a straight line from your heels to the crown of your head and hold. ', 'https://youtu.be/DkN15y1slTA');
INSERT INTO muscle_groups_in_exercises (exerciseID, muscleID) VALUES (499, 12);
INSERT INTO equipment_in_exercises (exerciseID, equipmentID) VALUES (499, 9);
INSERT INTO exercises (name, difficulty, tips, link) VALUES ('Hanging Knee Raises', 0, 'Grab the bar and hang, your body still and your legs straight. Slowly draw your knees up to your chest Once you have raised your knees as high as possible, lower your legs and repeat. Duration of these movements should be slow so that you do not utilize momentum, enabling you to get the most out of the exercise. Duration of these movements should be slow so that you do not utilize momentum, enabling you to get the most out of the exercise. ', 'https://youtu.be/F3-vRC8f5IY');
INSERT INTO muscle_groups_in_exercises (exerciseID, muscleID) VALUES (500, 12);
INSERT INTO equipment_in_exercises (exerciseID, equipmentID) VALUES (500, 9);
INSERT INTO exercises (name, difficulty, tips, link) VALUES ('Barbell Roll Outs', 1, 'Hold the Barbell with both hands and kneel on the floor with your feet up Slowly roll the Barbell straight forward, stretching your body into a straight position. After a pause at the stretched position, start pulling yourself back to the starting position. This should be a slow and controlled movement. ', 'https://youtu.be/5zaNYdVMHZY');
INSERT INTO muscle_groups_in_exercises (exerciseID, muscleID) VALUES (501, 12);
INSERT INTO equipment_in_exercises (exerciseID, equipmentID) VALUES (501, 1);
INSERT INTO exercises (name, difficulty, tips, link) VALUES ('Cable Standing Crunch', 2, 'Use a double handle attachment and set the cable all the way to the top. Face away from the cable tower and walk a few steps forward. Push your hips back, and flex your abs. Return to the starting standing position and repeat. ', 'https://youtu.be/hscS99_SKwY');
INSERT INTO muscle_groups_in_exercises (exerciseID, muscleID) VALUES (502, 12);
INSERT INTO equipment_in_exercises (exerciseID, equipmentID) VALUES (502, 5);
INSERT INTO exercises (name, difficulty, tips, link) VALUES ('Cable Kneeling Crunch', 0, 'Use a double handle attachment and set the cable all the way to the top. Walk a few steps forward then fall into a kneeling position. Push your hips back and flex your abs, then push hips forward until in the starting position. ', 'https://youtu.be/4EzEMaaby-0');
INSERT INTO muscle_groups_in_exercises (exerciseID, muscleID) VALUES (503, 12);
INSERT INTO equipment_in_exercises (exerciseID, equipmentID) VALUES (503, 5);
INSERT INTO exercises (name, difficulty, tips, link) VALUES ('Band Crunch', 1, 'Place the band at the highest anchor point you have available. Grab both ends of the band and fall into a kneeling position. Push your hips back flexing at the spine. Squeeze your abs and then extend at the hips and spine back to the starting position. ', 'https://youtu.be/i4rcQm0SDc8');
INSERT INTO muscle_groups_in_exercises (exerciseID, muscleID) VALUES (504, 12);
INSERT INTO equipment_in_exercises (exerciseID, equipmentID) VALUES (504, 6);
INSERT INTO exercises (name, difficulty, tips, link) VALUES ('Dumbbell Situp', 1, 'Lay flat on the ground with your spine neutral. Extend you arms so your fists are pointed at the ceiling. Sit-up by flexing your abs. Continue to reach for the ceiling for the entire rep. ', 'https://youtu.be/rPy1_8f3vIY');
INSERT INTO muscle_groups_in_exercises (exerciseID, muscleID) VALUES (505, 12);
INSERT INTO equipment_in_exercises (exerciseID, equipmentID) VALUES (505, 2);
INSERT INTO exercises (name, difficulty, tips, link) VALUES ('Dumbbell Plank Pullthrough', 1, 'Get into a plank position. Either from your knees or toes. Start with the DB by your right hand. Reach with your left and pull the dumbbell to your left arm. Then repeat with the right. ', 'https://youtu.be/rdpKCDFZR84');
INSERT INTO muscle_groups_in_exercises (exerciseID, muscleID) VALUES (506, 12);
INSERT INTO equipment_in_exercises (exerciseID, equipmentID) VALUES (506, 2);
INSERT INTO exercises (name, difficulty, tips, link) VALUES ('Barbell Situp', 1, 'Hold the bar with a slightly wider than shoulder width grip. Push the bar up toward the ceiling and maintain that elbow extension. Flex your abs and sit-up. Aim to get your torso vertical while maintaining the barbell overhead. ', 'https://youtu.be/rPy1_8f3vIY');
INSERT INTO muscle_groups_in_exercises (exerciseID, muscleID) VALUES (507, 12);
INSERT INTO equipment_in_exercises (exerciseID, equipmentID) VALUES (507, 1);
INSERT INTO exercises (name, difficulty, tips, link) VALUES ('Long Lever Plank', 2, 'Start in a hand plank position and walk your hands further out until your ears are between your biceps. Hold in this position for the allotted amount of time. Make sure you keep a flat back for the whole set. ', 'https://youtu.be/p1DL0XHQfis');
INSERT INTO muscle_groups_in_exercises (exerciseID, muscleID) VALUES (508, 12);
INSERT INTO equipment_in_exercises (exerciseID, equipmentID) VALUES (508, 9);
INSERT INTO exercises (name, difficulty, tips, link) VALUES ('Hand Plank', 0, 'Start in a kneeling position with your hands planted on the ground. Pick your knees up off the ground. Hold in this position with a flat back. ', 'https://www.youtube.com/watch?v=QMXncCeneZI');
INSERT INTO muscle_groups_in_exercises (exerciseID, muscleID) VALUES (509, 12);
INSERT INTO equipment_in_exercises (exerciseID, equipmentID) VALUES (509, 9);
INSERT INTO exercises (name, difficulty, tips, link) VALUES ('Hollow Hold', 2, 'Lay flat on the ground with your arms extended over head. Pick your upper back and your legs off the ground. Your body should be in a banana shape. Hold in this position. ', 'https://youtu.be/nhkI6pgNaFM');
INSERT INTO muscle_groups_in_exercises (exerciseID, muscleID) VALUES (510, 12);
INSERT INTO equipment_in_exercises (exerciseID, equipmentID) VALUES (510, 9);
INSERT INTO exercises (name, difficulty, tips, link) VALUES ('Dumbbell Hollow Hold', 2, 'Lay flat on the ground with a dumbbell overhead. Pull your upper back and legs off the ground. Make a banana shape with your body. The dumbbell should be held in your hands and your ears should be between your biceps. ', '');
INSERT INTO muscle_groups_in_exercises (exerciseID, muscleID) VALUES (511, 12);
INSERT INTO equipment_in_exercises (exerciseID, equipmentID) VALUES (511, 2);
INSERT INTO exercises (name, difficulty, tips, link) VALUES ('Mountain Climber', 0, 'To perform a bodyweight mountain climber, start in a plank position with your hands placed directly under your shoulders. Bring your right knee towards your chest, keeping your foot close to your hand. Quickly switch legs, bringing your left knee towards your chest. Continue this movement, alternating legs, at a quick pace for a set amount of time or repetitions. ', '');
INSERT INTO muscle_groups_in_exercises (exerciseID, muscleID) VALUES (512, 12);
INSERT INTO equipment_in_exercises (exerciseID, equipmentID) VALUES (512, 9);
INSERT INTO exercises (name, difficulty, tips, link) VALUES ('Plate Situp', 0, 'Start by lying on your back on a mat with your legs bent and feet flat on the ground. Hold a weight plate over your head with both hands, making sure to keep your arms straight. Engage your core and use your abdominal muscles to sit up, keeping the weight plate towards the ceiling. ', '');
INSERT INTO muscle_groups_in_exercises (exerciseID, muscleID) VALUES (513, 12);
INSERT INTO equipment_in_exercises (exerciseID, equipmentID) VALUES (513, 7);
INSERT INTO exercises (name, difficulty, tips, link) VALUES ('Weighted Forearm Plank', 1, 'Get into a kneeling position with both forearms pressed into the ground. Place a weight plate on your back (or have a partner do it for you). Hold the plank for the allotted amount of time. ', '');
INSERT INTO muscle_groups_in_exercises (exerciseID, muscleID) VALUES (514, 12);
INSERT INTO equipment_in_exercises (exerciseID, equipmentID) VALUES (514, 7);
INSERT INTO exercises (name, difficulty, tips, link) VALUES ('Weighted Hand Plank', 1, 'Start in a kneeling position with your hands planted on the ground. Place a weight plate on your back or have a friend do it for you. Pick your knees up off the ground. Hold in this position with a flat back. ', '');
INSERT INTO muscle_groups_in_exercises (exerciseID, muscleID) VALUES (515, 12);
INSERT INTO equipment_in_exercises (exerciseID, equipmentID) VALUES (515, 7);
INSERT INTO exercises (name, difficulty, tips, link) VALUES ('Plate Hollow Hold', 2, 'Lay flat on the ground with your arms extended over head holding a weight plate. Pick your upper back and your legs off the ground. Your body should be in a banana shape. ', '');
INSERT INTO muscle_groups_in_exercises (exerciseID, muscleID) VALUES (516, 12);
INSERT INTO equipment_in_exercises (exerciseID, equipmentID) VALUES (516, 7);
INSERT INTO exercises (name, difficulty, tips, link) VALUES ('Dumbbell Crunch', 1, 'Start by lying flat on your back with your feet flat on the floor and your knees bent. Hold a dumbbell over your clavicle. Engage your core muscles and lift your torso off the floor until your shoulders are a few inches off the ground. Lower yourself back down to the starting position, but avoid resting completely on the floor between reps. ', '');
INSERT INTO muscle_groups_in_exercises (exerciseID, muscleID) VALUES (517, 12);
INSERT INTO equipment_in_exercises (exerciseID, equipmentID) VALUES (517, 2);
INSERT INTO muscle_groups_in_exercises (exerciseID, muscleID) VALUES (342, 12);
INSERT INTO exercises (name, difficulty, tips, link) VALUES ('Dumbbell Suitcase Crunch', 2, 'Lay flat on the ground with a dumbbell. Point the soles of your shoes at the ceiling as well as the dumbbell. Reach for your feet with the dumbbell before bringing your spine back to the floor. ', '');
INSERT INTO muscle_groups_in_exercises (exerciseID, muscleID) VALUES (518, 12);
INSERT INTO equipment_in_exercises (exerciseID, equipmentID) VALUES (518, 2);
INSERT INTO muscle_groups_in_exercises (exerciseID, muscleID) VALUES (369, 12);
INSERT INTO exercises (name, difficulty, tips, link) VALUES ('TRX Forearm Plank', 0, 'Lie face down on the ground and place your forearms on the ground directly under your shoulders. With your feet in the stirrups, kick both feet into the TRX straps and hold the handles above your head. Tighten your abs, glutes, and legs to form a straight line from your head to your feet. ', '');
INSERT INTO muscle_groups_in_exercises (exerciseID, muscleID) VALUES (519, 12);
INSERT INTO equipment_in_exercises (exerciseID, equipmentID) VALUES (519, 8);
INSERT INTO exercises (name, difficulty, tips, link) VALUES ('TRX Hand Plank', 1, 'Start by facing away from the TRX straps and placing your feet in the TRX handles with your palms on the ground. Lift your knees off the ground to begin the set. Engage your core and maintain this position for the desired amount of time, holding a steady plank. ', '');
INSERT INTO muscle_groups_in_exercises (exerciseID, muscleID) VALUES (520, 12);
INSERT INTO equipment_in_exercises (exerciseID, equipmentID) VALUES (520, 8);
INSERT INTO muscle_groups_in_exercises (exerciseID, muscleID) VALUES (370, 12);
INSERT INTO exercises (name, difficulty, tips, link) VALUES ('TRX Knee Tuck', 0, 'Place your feet in the TRX stirrups and get in to a hand plank position. Pull your knees to your chest and flex your abs. ', '');
INSERT INTO muscle_groups_in_exercises (exerciseID, muscleID) VALUES (521, 12);
INSERT INTO equipment_in_exercises (exerciseID, equipmentID) VALUES (521, 8);
INSERT INTO exercises (name, difficulty, tips, link) VALUES ('TRX Mountain Climber', 0, 'Start in a plank position with the TRX straps adjusted to mid-calf length. Place your feet in the TRX stirrups. Keep your abs engaged, and bring one knee towards your chest while keeping the other leg extended behind you. Switch legs, bringing the opposite knee towards your chest while keeping your abs engaged and your back straight. ', '');
INSERT INTO muscle_groups_in_exercises (exerciseID, muscleID) VALUES (522, 12);
INSERT INTO equipment_in_exercises (exerciseID, equipmentID) VALUES (522, 8);
INSERT INTO exercises (name, difficulty, tips, link) VALUES ('TRX Pike', 1, 'Place your feet in the stirrups and get in to a plank position. Pull your hips straight up toward the ceiling. Lower your hips until you''re back in a plank position. ', '');
INSERT INTO muscle_groups_in_exercises (exerciseID, muscleID) VALUES (523, 12);
INSERT INTO equipment_in_exercises (exerciseID, equipmentID) VALUES (523, 8);
INSERT INTO exercises (name, difficulty, tips, link) VALUES ('Kettlebell Russian Twist', 0, 'Sit on the floor with your legs bent, knees together and feet raised slightly off the floor. Starting on one side and sitting up straight with your core muscles engaged, lift the kettlebell off the floor with both hands and bring it across your body to the other side, rotating your chest towards the floor as you do so. Tap the kettlebell lightly on the floor and bring the kettlebell back across your body to the starting position, rotating your chest towards the floor. Repeat, keeping the legs bent and feet raised throughout the exercise. ', 'https://youtu.be/pxIi1wVIrE0');
INSERT INTO muscle_groups_in_exercises (exerciseID, muscleID) VALUES (524, 12);
INSERT INTO equipment_in_exercises (exerciseID, equipmentID) VALUES (524, 3);
INSERT INTO exercises (name, difficulty, tips, link) VALUES ('Kettlebell Windmill', 2, 'Stand with feet slightly wider than shoulder width apart. Hold the kettlebell in one hand and extend your arm above your head. Keeping your legs straight and the kettlebell above your head, lower the relaxed arm towards the ground, twisting your body towards the side of the raised arm. Return to the starting potion, tilt your pelvis forward and repeat. ', 'https://youtu.be/aS3Iutmq6TY');
INSERT INTO muscle_groups_in_exercises (exerciseID, muscleID) VALUES (525, 12);
INSERT INTO equipment_in_exercises (exerciseID, equipmentID) VALUES (525, 3);
INSERT INTO exercises (name, difficulty, tips, link) VALUES ('Dumbbell Russian Twist', 1, 'Sit on the floor and flex your knees and hips to a 90 degree angle. Your feet should be hovering off the ground. (If that''s too hard start with heels on the floor) Rotate your upper spine to engage your obliques. ', 'https://youtu.be/bl-EKCGMcDY');
INSERT INTO muscle_groups_in_exercises (exerciseID, muscleID) VALUES (526, 12);
INSERT INTO equipment_in_exercises (exerciseID, equipmentID) VALUES (526, 2);
INSERT INTO exercises (name, difficulty, tips, link) VALUES ('Bodyweight Russian Twist', 1, 'Hover your heels just off the ground. Stick your chest out and maintain a flat back. Make all the movement happen at your mid and upper spine. Point your chest to the left, then rotate at the spine until your chest is pointed right. ', 'https://youtu.be/TYGM5Cs0JcE');
INSERT INTO muscle_groups_in_exercises (exerciseID, muscleID) VALUES (527, 12);
INSERT INTO equipment_in_exercises (exerciseID, equipmentID) VALUES (527, 9);
INSERT INTO muscle_groups_in_exercises (exerciseID, muscleID) VALUES (86, 12);
INSERT INTO exercises (name, difficulty, tips, link) VALUES ('Dumbbell Half Kneeling Wood Chopper', 1, 'Take a half kneeling position. Start with the dumbbell by your knee on the side of the kneeling leg. Rotate at the upper spine, holding the dumbbell away from your body with nearly extended elbows. ', '');
INSERT INTO muscle_groups_in_exercises (exerciseID, muscleID) VALUES (528, 12);
INSERT INTO equipment_in_exercises (exerciseID, equipmentID) VALUES (528, 2);
INSERT INTO muscle_groups_in_exercises (exerciseID, muscleID) VALUES (363, 12);
INSERT INTO muscle_groups_in_exercises (exerciseID, muscleID) VALUES (105, 12);
INSERT INTO muscle_groups_in_exercises (exerciseID, muscleID) VALUES (231, 12);
INSERT INTO exercises (name, difficulty, tips, link) VALUES ('Plate Russian Twist', 1, 'Start by sitting on the floor with your knees bent and feet flat on the ground Engage your core muscles by pulling your belly button toward your spine. Slowly twist your upper body to the right, keeping your feet flat on the ground and your back straight. Hold for a second and then twist to the left, holding for another second. ', '');
INSERT INTO muscle_groups_in_exercises (exerciseID, muscleID) VALUES (529, 12);
INSERT INTO equipment_in_exercises (exerciseID, equipmentID) VALUES (529, 7);
INSERT INTO muscle_groups_in_exercises (exerciseID, muscleID) VALUES (112, 12);
INSERT INTO muscle_groups (name) VALUES ('Lower back');
INSERT INTO exercises (name, difficulty, tips, link) VALUES ('Machine 45 Degree Back Extension', 1, 'Position your thighs on the padding and hook your feet on the platform supports. Keeping your back straight, slowly bend at your waist until your legs and back are at a 45 angle. Slowly raise your body to the starting position. ', 'https://www.youtube.com/watch?v=jf5cSyEu1Vk');
INSERT INTO muscle_groups_in_exercises (exerciseID, muscleID) VALUES (530, 13);
INSERT INTO equipment_in_exercises (exerciseID, equipmentID) VALUES (530, 10);
INSERT INTO exercises (name, difficulty, tips, link) VALUES ('Lower back Stretch Variation Four', 0, 'Lay flat against the ground with your knees at an angle and your feet flat against the floor. Grab your legs just below the knees, and pull your legs towards your chest. Pause at the apex of the stretch, then return to the starting position. ', 'https://youtu.be/495JqctwrUs');
INSERT INTO muscle_groups_in_exercises (exerciseID, muscleID) VALUES (531, 13);
INSERT INTO equipment_in_exercises (exerciseID, equipmentID) VALUES (531, 4);
INSERT INTO exercises (name, difficulty, tips, link) VALUES ('Lower back Stretch Variation Three', 0, 'Lay on your back with your arms at either side. Raise your knees so that they are pointing straight towards the ceiling. Keeping your legs pressed together, rotate your hips to either side. Repeat this motion as necessary. ', 'https://youtu.be/17l2qNT1k2M');
INSERT INTO muscle_groups_in_exercises (exerciseID, muscleID) VALUES (532, 13);
INSERT INTO equipment_in_exercises (exerciseID, equipmentID) VALUES (532, 4);
INSERT INTO exercises (name, difficulty, tips, link) VALUES ('Lower back Stretch Variation Two', 0, 'Lay flat on the floor with your arms at either side. With one leg, hook one foot under the joint of your other leg. Rotate your hips so that your knees are pointing sideways, keeping your hooked leg flat against the floor. Pause at the apex of the stretch and repeat with your other leg. ', 'https://youtu.be/OgW52nEwU9Q');
INSERT INTO muscle_groups_in_exercises (exerciseID, muscleID) VALUES (533, 13);
INSERT INTO equipment_in_exercises (exerciseID, equipmentID) VALUES (533, 4);
INSERT INTO exercises (name, difficulty, tips, link) VALUES ('Lower back Stretch Variation One', 0, 'Sit on the floor with the tops of your feet pointed and flat on the ground. Move your arms out in front of you in the diving position, placing your palms flat against the ground. With your arms fully extended, rest your buttocks on the heels of your feet, you can crawl your hands forward to extend the stretch if need be. Hold the extended position for a few seconds, and return to starting position. ', 'https://youtu.be/AQcW8Bi6Sos');
INSERT INTO muscle_groups_in_exercises (exerciseID, muscleID) VALUES (534, 13);
INSERT INTO equipment_in_exercises (exerciseID, equipmentID) VALUES (534, 4);
INSERT INTO exercises (name, difficulty, tips, link) VALUES ('Supermans', 0, 'Lie face down on the floor with your arms fully extended in front of you. Simultaneously raise your arms, legs and chest off of the floor and hold the position. Slowly lower your arms, legs and chest back to the starting position. Repeat. ', 'https://youtu.be/p6bK1_Jo0b8');
INSERT INTO muscle_groups_in_exercises (exerciseID, muscleID) VALUES (535, 13);
INSERT INTO equipment_in_exercises (exerciseID, equipmentID) VALUES (535, 9);
INSERT INTO exercises (name, difficulty, tips, link) VALUES ('Plate Deadlift', 1, 'Stand with feet hip-width apart, the plate in front of the feet, and the knees slightly bent. Bend the hips and knees to grip the plate with palms facing the body. Keeping the back straight, stand up while lifting the plate off the ground. Return the plate back to the starting position by bending the hips and knees, keeping control of the plate. ', '');
INSERT INTO muscle_groups_in_exercises (exerciseID, muscleID) VALUES (536, 13);
INSERT INTO equipment_in_exercises (exerciseID, equipmentID) VALUES (536, 7);
INSERT INTO exercises (name, difficulty, tips, link) VALUES ('Dumbbell Superman', 1, 'Lay flat on the ground on your stomach with your arms extended overhead. Hold a dumbbell with a neutral grip. Lift your legs and chest off the ground simultaneously and hold for a 1 count at the top. Relax your lower back and lower your legs and chest back to the floor. ', '');
INSERT INTO muscle_groups_in_exercises (exerciseID, muscleID) VALUES (537, 13);
INSERT INTO equipment_in_exercises (exerciseID, equipmentID) VALUES (537, 2);
INSERT INTO muscle_groups_in_exercises (exerciseID, muscleID) VALUES (455, 13);
INSERT INTO muscle_groups_in_exercises (exerciseID, muscleID) VALUES (346, 13);
INSERT INTO muscle_groups_in_exercises (exerciseID, muscleID) VALUES (374, 13);
INSERT INTO muscle_groups_in_exercises (exerciseID, muscleID) VALUES (375, 13);
INSERT INTO muscle_groups_in_exercises (exerciseID, muscleID) VALUES (377, 13);
INSERT INTO muscle_groups_in_exercises (exerciseID, muscleID) VALUES (400, 13);
INSERT INTO muscle_groups_in_exercises (exerciseID, muscleID) VALUES (382, 13);
INSERT INTO muscle_groups_in_exercises (exerciseID, muscleID) VALUES (136, 13);
INSERT INTO muscle_groups_in_exercises (exerciseID, muscleID) VALUES (386, 13);
INSERT INTO muscle_groups_in_exercises (exerciseID, muscleID) VALUES (387, 13);
INSERT INTO muscle_groups_in_exercises (exerciseID, muscleID) VALUES (388, 13);
INSERT INTO muscle_groups_in_exercises (exerciseID, muscleID) VALUES (428, 13);
INSERT INTO muscle_groups_in_exercises (exerciseID, muscleID) VALUES (390, 13);
INSERT INTO muscle_groups_in_exercises (exerciseID, muscleID) VALUES (391, 13);
INSERT INTO muscle_groups_in_exercises (exerciseID, muscleID) VALUES (392, 13);
INSERT INTO muscle_groups_in_exercises (exerciseID, muscleID) VALUES (393, 13);
INSERT INTO muscle_groups_in_exercises (exerciseID, muscleID) VALUES (394, 13);
INSERT INTO muscle_groups_in_exercises (exerciseID, muscleID) VALUES (395, 13);
INSERT INTO muscle_groups_in_exercises (exerciseID, muscleID) VALUES (396, 13);
INSERT INTO muscle_groups_in_exercises (exerciseID, muscleID) VALUES (213, 13);
INSERT INTO muscle_groups_in_exercises (exerciseID, muscleID) VALUES (397, 13);
INSERT INTO muscle_groups_in_exercises (exerciseID, muscleID) VALUES (398, 13);
INSERT INTO muscle_groups_in_exercises (exerciseID, muscleID) VALUES (399, 13);
INSERT INTO muscle_groups_in_exercises (exerciseID, muscleID) VALUES (149, 13);
INSERT INTO muscle_groups_in_exercises (exerciseID, muscleID) VALUES (155, 13);
INSERT INTO muscle_groups_in_exercises (exerciseID, muscleID) VALUES (156, 13);
INSERT INTO muscle_groups_in_exercises (exerciseID, muscleID) VALUES (47, 13);
INSERT INTO muscle_groups_in_exercises (exerciseID, muscleID) VALUES (157, 13);
INSERT INTO muscle_groups_in_exercises (exerciseID, muscleID) VALUES (401, 13);
INSERT INTO muscle_groups_in_exercises (exerciseID, muscleID) VALUES (402, 13);
INSERT INTO muscle_groups_in_exercises (exerciseID, muscleID) VALUES (416, 13);
INSERT INTO muscle_groups_in_exercises (exerciseID, muscleID) VALUES (50, 13);
INSERT INTO muscle_groups_in_exercises (exerciseID, muscleID) VALUES (403, 13);
INSERT INTO muscle_groups_in_exercises (exerciseID, muscleID) VALUES (165, 13);
INSERT INTO muscle_groups_in_exercises (exerciseID, muscleID) VALUES (182, 13);
INSERT INTO muscle_groups_in_exercises (exerciseID, muscleID) VALUES (405, 13);
INSERT INTO muscle_groups_in_exercises (exerciseID, muscleID) VALUES (406, 13);
INSERT INTO muscle_groups_in_exercises (exerciseID, muscleID) VALUES (407, 13);
INSERT INTO muscle_groups_in_exercises (exerciseID, muscleID) VALUES (189, 13);
INSERT INTO muscle_groups_in_exercises (exerciseID, muscleID) VALUES (408, 13);
INSERT INTO muscle_groups_in_exercises (exerciseID, muscleID) VALUES (409, 13);
INSERT INTO muscle_groups_in_exercises (exerciseID, muscleID) VALUES (415, 13);
INSERT INTO muscle_groups_in_exercises (exerciseID, muscleID) VALUES (414, 13);
INSERT INTO muscle_groups_in_exercises (exerciseID, muscleID) VALUES (215, 13);
INSERT INTO muscle_groups_in_exercises (exerciseID, muscleID) VALUES (368, 13);
INSERT INTO muscle_groups_in_exercises (exerciseID, muscleID) VALUES (411, 13);
INSERT INTO muscle_groups_in_exercises (exerciseID, muscleID) VALUES (412, 13);
INSERT INTO muscle_groups_in_exercises (exerciseID, muscleID) VALUES (369, 13);
INSERT INTO muscle_groups (name) VALUES ('Traps (mid-back)');
INSERT INTO muscle_groups_in_exercises (exerciseID, muscleID) VALUES (233, 14);
INSERT INTO exercises (name, difficulty, tips, link) VALUES ('Traps mid back Stretch Variation Two', 0, 'Sit on the ground and lay one leg flat and the other over the top. Hold your leg with the same side arm and slowly rotate your hips and back. Hold at the peak of the stretch, then slowly return to starting position. Switch sides and repeat. ', 'https://youtu.be/gr1NjzfIbNk');
INSERT INTO muscle_groups_in_exercises (exerciseID, muscleID) VALUES (538, 14);
INSERT INTO equipment_in_exercises (exerciseID, equipmentID) VALUES (538, 4);
INSERT INTO exercises (name, difficulty, tips, link) VALUES ('Traps mid back Stretch Variation One', 0, 'Repeat with your other arm. Stand up with your feet shoulder width apart. Place one arm across the front of your chest at shoulder height, press the forearm of your other arm above the elbow, hooking the stretching arm with your hand. Press the arm until it is straight and rotate your upper torso to engage the stretch even deeper. ', 'https://youtu.be/mpPbbH481a4');
INSERT INTO muscle_groups_in_exercises (exerciseID, muscleID) VALUES (539, 14);
INSERT INTO equipment_in_exercises (exerciseID, equipmentID) VALUES (539, 4);
INSERT INTO muscle_groups_in_exercises (exerciseID, muscleID) VALUES (236, 14);
INSERT INTO muscle_groups_in_exercises (exerciseID, muscleID) VALUES (242, 14);
INSERT INTO muscle_groups_in_exercises (exerciseID, muscleID) VALUES (241, 14);
INSERT INTO muscle_groups_in_exercises (exerciseID, muscleID) VALUES (242, 14);
INSERT INTO muscle_groups_in_exercises (exerciseID, muscleID) VALUES (237, 14);
INSERT INTO muscle_groups_in_exercises (exerciseID, muscleID) VALUES (42, 14);
INSERT INTO muscle_groups_in_exercises (exerciseID, muscleID) VALUES (455, 14);
INSERT INTO muscle_groups_in_exercises (exerciseID, muscleID) VALUES (344, 14);
INSERT INTO muscle_groups_in_exercises (exerciseID, muscleID) VALUES (345, 14);
INSERT INTO muscle_groups_in_exercises (exerciseID, muscleID) VALUES (346, 14);
INSERT INTO muscle_groups_in_exercises (exerciseID, muscleID) VALUES (374, 14);
INSERT INTO muscle_groups_in_exercises (exerciseID, muscleID) VALUES (348, 14);
INSERT INTO muscle_groups_in_exercises (exerciseID, muscleID) VALUES (220, 14);
INSERT INTO muscle_groups_in_exercises (exerciseID, muscleID) VALUES (355, 14);
INSERT INTO muscle_groups_in_exercises (exerciseID, muscleID) VALUES (234, 14);
INSERT INTO muscle_groups_in_exercises (exerciseID, muscleID) VALUES (313, 14);
INSERT INTO muscle_groups_in_exercises (exerciseID, muscleID) VALUES (361, 14);
INSERT INTO muscle_groups_in_exercises (exerciseID, muscleID) VALUES (316, 14);
INSERT INTO muscle_groups_in_exercises (exerciseID, muscleID) VALUES (324, 14);
INSERT INTO muscle_groups_in_exercises (exerciseID, muscleID) VALUES (328, 14);
INSERT INTO muscle_groups_in_exercises (exerciseID, muscleID) VALUES (330, 14);
INSERT INTO muscle_groups_in_exercises (exerciseID, muscleID) VALUES (332, 14);
INSERT INTO muscle_groups_in_exercises (exerciseID, muscleID) VALUES (338, 14);
INSERT INTO muscle_groups_in_exercises (exerciseID, muscleID) VALUES (339, 14);
INSERT INTO muscle_groups_in_exercises (exerciseID, muscleID) VALUES (340, 14);
INSERT INTO muscle_groups (name) VALUES ('Obliques');
INSERT INTO exercises (name, difficulty, tips, link) VALUES ('Barbell Landmine Side Bend', 1, 'Stand straight and hold the end of the Barbell Keep your hips and shoulders facing forward, bend to one side slowly Return to the upright position. Switch hands and repeat. ', 'https://youtu.be/egxJNnAdTcc');
INSERT INTO muscle_groups_in_exercises (exerciseID, muscleID) VALUES (540, 15);
INSERT INTO equipment_in_exercises (exerciseID, equipmentID) VALUES (540, 1);
INSERT INTO exercises (name, difficulty, tips, link) VALUES ('Dumbbell Wood Chopper', 2, 'Stand with a shoulder width stance. Begin with the dumbbell near one of your quads. Rotate at your upper spine to engage the obliques. You can pivot your back foot to keep from generating too much torque at the knee. ', 'https://youtu.be/gqta2Baz6Ds');
INSERT INTO muscle_groups_in_exercises (exerciseID, muscleID) VALUES (541, 15);
INSERT INTO equipment_in_exercises (exerciseID, equipmentID) VALUES (541, 2);
INSERT INTO exercises (name, difficulty, tips, link) VALUES ('Kettlebell Wood Chopper', 0, 'Stand with feet slightly wider than shoulder width apart and hold the kettle bell with both hands against your hip. Keeping your arms straight, swing the kettlebell upwards and across your body towards your shoulder, raising the kettlebell to head height rotating your hips as you do so. Return to the starting position and repeat. ', 'https://youtu.be/qP_XflQPUTI');
INSERT INTO muscle_groups_in_exercises (exerciseID, muscleID) VALUES (542, 15);
INSERT INTO equipment_in_exercises (exerciseID, equipmentID) VALUES (542, 3);
INSERT INTO exercises (name, difficulty, tips, link) VALUES ('Cable Wood Chopper', 1, 'Set the cable at about nipple level. Use a handle attachment. Face sideways, then rotate your torso with your arms extended against the resistance. After completing your given number of reps, face the opposite direction and repeat. ', 'https://youtu.be/boaeG_ihTa8');
INSERT INTO muscle_groups_in_exercises (exerciseID, muscleID) VALUES (543, 15);
INSERT INTO equipment_in_exercises (exerciseID, equipmentID) VALUES (543, 5);
INSERT INTO exercises (name, difficulty, tips, link) VALUES ('Band Wood Chopper', 2, '', 'https://youtu.be/z2deUmqVhfQ');
INSERT INTO muscle_groups_in_exercises (exerciseID, muscleID) VALUES (544, 15);
INSERT INTO equipment_in_exercises (exerciseID, equipmentID) VALUES (544, 6);
INSERT INTO muscle_groups_in_exercises (exerciseID, muscleID) VALUES (526, 15);
INSERT INTO muscle_groups_in_exercises (exerciseID, muscleID) VALUES (524, 15);
INSERT INTO exercises (name, difficulty, tips, link) VALUES ('Band Pallof Press', 0, 'Place the band at an anchor point that is shoulder height. Take a few steps away until the band is taut. Start with your fingers interlocked around the band and your fists connected to your chest. Extend at the elbows pressing the band away from your body until your elbows are fully extended. ', 'https://youtu.be/8ZNnhxUURHM');
INSERT INTO muscle_groups_in_exercises (exerciseID, muscleID) VALUES (545, 15);
INSERT INTO equipment_in_exercises (exerciseID, equipmentID) VALUES (545, 6);
INSERT INTO muscle_groups_in_exercises (exerciseID, muscleID) VALUES (525, 15);
INSERT INTO exercises (name, difficulty, tips, link) VALUES ('Cable Pallof Press', 0, 'Use a handle attachment, set the cable at nipple level, walk a few steps away, and face sideways. Start with both hands on the handle and your fists against your chest. Press the handle forward until your elbows are fully extended, then pull the handle back to your chest. ', 'https://youtu.be/UXXUdsDKh7k');
INSERT INTO muscle_groups_in_exercises (exerciseID, muscleID) VALUES (546, 15);
INSERT INTO equipment_in_exercises (exerciseID, equipmentID) VALUES (546, 5);
INSERT INTO muscle_groups_in_exercises (exerciseID, muscleID) VALUES (496, 15);
INSERT INTO muscle_groups_in_exercises (exerciseID, muscleID) VALUES (497, 15);
INSERT INTO muscle_groups_in_exercises (exerciseID, muscleID) VALUES (527, 15);
INSERT INTO exercises (name, difficulty, tips, link) VALUES ('Side Plank Up Down', 1, 'Start with your elbow and hip on the ground. Either neutral fist or flat hand on the ground. Begin in a side plank position, and then drop your hips to the floor. Pull your hips back to the ceiling to finish the rep. ', 'https://youtu.be/J11b9spQ9r0');
INSERT INTO muscle_groups_in_exercises (exerciseID, muscleID) VALUES (547, 15);
INSERT INTO equipment_in_exercises (exerciseID, equipmentID) VALUES (547, 9);
INSERT INTO exercises (name, difficulty, tips, link) VALUES ('Side Plank Reach Through', 2, 'Begin in an elbow side plank position. Reach for the ceiling with your off hand. Rotate at the mid and upper spine and reach through the open space between the floor and your torso. Reach backwards, and then rotate back into the starting position. ', 'https://youtu.be/ihJRWRibQnM');
INSERT INTO muscle_groups_in_exercises (exerciseID, muscleID) VALUES (548, 15);
INSERT INTO equipment_in_exercises (exerciseID, equipmentID) VALUES (548, 9);
INSERT INTO exercises (name, difficulty, tips, link) VALUES ('Elbow Side Plank', 0, 'Press your elbow into the floor. Pick your hips up off the ground and maintain this position for the allotted amount of time. Make sure you don''t let your chest fall forward or backward. ', 'https://youtu.be/4pddJJvasiE');
INSERT INTO muscle_groups_in_exercises (exerciseID, muscleID) VALUES (549, 15);
INSERT INTO equipment_in_exercises (exerciseID, equipmentID) VALUES (549, 9);
INSERT INTO exercises (name, difficulty, tips, link) VALUES ('Hand Side Plank', 1, 'Press your hand into the ground and pick up your hip off the ground. Open your chest and maintain this position for the allotted amount of time. ', 'https://youtu.be/WxIG0CO15ms');
INSERT INTO muscle_groups_in_exercises (exerciseID, muscleID) VALUES (550, 15);
INSERT INTO equipment_in_exercises (exerciseID, equipmentID) VALUES (550, 9);
INSERT INTO muscle_groups_in_exercises (exerciseID, muscleID) VALUES (416, 15);
INSERT INTO muscle_groups_in_exercises (exerciseID, muscleID) VALUES (528, 15);
INSERT INTO exercises (name, difficulty, tips, link) VALUES ('Dumbbell Kneeling Wood Chopper', 0, 'Start in a kneeling position with your shoulder blades pulled back. The dumbbell should begin by one of your hips. Rotate at the spine and bring the dumbbell from your hip, 180 degrees around your body. The dumbbell should land at eye level. ', '');
INSERT INTO muscle_groups_in_exercises (exerciseID, muscleID) VALUES (551, 15);
INSERT INTO equipment_in_exercises (exerciseID, equipmentID) VALUES (551, 2);
INSERT INTO exercises (name, difficulty, tips, link) VALUES ('Dumbbell Overhead Side Bend', 2, 'Start by standing with your feet shoulder-width apart and holding a dumbbell overhead. From this starting position, bend to the side as far as you can while keeping your feet planted and your core engaged. ', '');
INSERT INTO muscle_groups_in_exercises (exerciseID, muscleID) VALUES (552, 15);
INSERT INTO equipment_in_exercises (exerciseID, equipmentID) VALUES (552, 2);
INSERT INTO exercises (name, difficulty, tips, link) VALUES ('Dumbbell Side Plank Up Down', 0, 'Start by lying on your side with your feet stacked on top of each other and a dumbbell on your hip. Place your bottom elbow on the ground beneath your shoulder and engage your core to raise your hips off the ground. Your hips will do all the moving. Think, "hips up, hips down." ', '');
INSERT INTO muscle_groups_in_exercises (exerciseID, muscleID) VALUES (553, 15);
INSERT INTO equipment_in_exercises (exerciseID, equipmentID) VALUES (553, 2);
INSERT INTO exercises (name, difficulty, tips, link) VALUES ('Dumbbell Hand Side Plank', 1, 'Start by lying on your side with your feet stacked on top of each other and a dumbbell on your hip. Place your bottom hand on the ground beneath your shoulder and engage your core to raise your hips off the ground. From this starting position, hold the side plank position for the desired amount of time, making sure to keep your body straight and your hips level. ', '');
INSERT INTO muscle_groups_in_exercises (exerciseID, muscleID) VALUES (554, 15);
INSERT INTO equipment_in_exercises (exerciseID, equipmentID) VALUES (554, 2);
INSERT INTO exercises (name, difficulty, tips, link) VALUES ('Dumbbell Elbow Side Plank', 0, '', '');
INSERT INTO muscle_groups_in_exercises (exerciseID, muscleID) VALUES (555, 15);
INSERT INTO equipment_in_exercises (exerciseID, equipmentID) VALUES (555, 2);
INSERT INTO muscle_groups_in_exercises (exerciseID, muscleID) VALUES (529, 15);
INSERT INTO exercises (name, difficulty, tips, link) VALUES ('Plate Standing Twist', 0, 'Stand with a plate extended away from your body. Elbows mostly extended. Rotate at the upper spine while keeping your lumbar spine in a neutral position. Do not let the plate go behind your body. ', '');
INSERT INTO muscle_groups_in_exercises (exerciseID, muscleID) VALUES (556, 15);
INSERT INTO equipment_in_exercises (exerciseID, equipmentID) VALUES (556, 7);
INSERT INTO exercises (name, difficulty, tips, link) VALUES ('Plate Wood Chopper', 0, 'Stand with a shoulder width stance. Begin with the plate near one of your quads. Rotate at your upper spine to engage the obliques. You can pivot your back foot to keep from generating too much torque at the knee. ', '');
INSERT INTO muscle_groups_in_exercises (exerciseID, muscleID) VALUES (557, 15);
INSERT INTO equipment_in_exercises (exerciseID, equipmentID) VALUES (557, 7);
INSERT INTO exercises (name, difficulty, tips, link) VALUES ('Dumbbell Long Lever Russian Twist', 2, 'Start by sitting on the floor with your knees bent and feet flat on the ground. Hold a dumbbell in both hands with your arms extended straight in front of you. Twist your torso to the right, bringing the dumbbell towards the ground, then return to the center. Repeat on the left side, twisting to the left and bringing the dumbbell towards the ground. Continue this twisting motion, alternating sides, for the desired number of repetitions. Keep your core engaged and avoid swinging your arms to generate momentum. ', '');
INSERT INTO muscle_groups_in_exercises (exerciseID, muscleID) VALUES (558, 15);
INSERT INTO equipment_in_exercises (exerciseID, equipmentID) VALUES (558, 2);
INSERT INTO exercises (name, difficulty, tips, link) VALUES ('Dumbbell Side Bend', 0, 'Stand with feet hip-width apart and place your right hand on the right hip. Hold a dumbbell with the left hand. Bend at the hips to the side. Make sure you don''t start to lean forward to try and force a longer range of motion. ', '');
INSERT INTO muscle_groups_in_exercises (exerciseID, muscleID) VALUES (559, 15);
INSERT INTO equipment_in_exercises (exerciseID, equipmentID) VALUES (559, 2);
INSERT INTO exercises (name, difficulty, tips, link) VALUES ('TRX Forearm Side Plank', 1, 'Lie on your side with your legs straight and your feet resting in the TRX foot cradles. Prop yourself up on your forearm and engage your core to maintain a straight line from your head to your feet. ', '');
INSERT INTO muscle_groups_in_exercises (exerciseID, muscleID) VALUES (560, 15);
INSERT INTO equipment_in_exercises (exerciseID, equipmentID) VALUES (560, 8);
INSERT INTO exercises (name, difficulty, tips, link) VALUES ('TRX Oblique Crunch', 1, 'Place your feet in the TRX stirrups and get in to a hand plank position. Pull both knees to your right elbow. Extend your legs back to the starting position, then pull both knees to the left elbow. ', '');
INSERT INTO muscle_groups_in_exercises (exerciseID, muscleID) VALUES (561, 15);
INSERT INTO equipment_in_exercises (exerciseID, equipmentID) VALUES (561, 8);
INSERT INTO muscle_groups_in_exercises (exerciseID, muscleID) VALUES (188, 15);
INSERT INTO muscle_groups_in_exercises (exerciseID, muscleID) VALUES (196, 15);
INSERT INTO muscle_groups_in_exercises (exerciseID, muscleID) VALUES (469, 15);
